ts,host_pid,host_private_mb,host_ws_mb,wv_count,wv_private_mb,wv_ws_mb,total_private_mb,cpu_pct,widgets,widget_ids,locked,gap_s
2026-09-30T23:54:34+08:00,46136,9.9,31.1,11,522.2,770.6,532.1,,5,clock|dynamic|fixed|macro|quotes,False,0
2026-09-30T23:55:34+08:00,46136,9.9,31.1,11,521.8,771.6,531.7,0.312,5,clock|dynamic|fixed|macro|quotes,False,60
2026-09-30T23:56:34+08:00,46136,26.0,47.4,11,500.1,779.7,526.1,0.735,5,clock|dynamic|fixed|macro|quotes,False,60
2026-09-30T23:57:34+08:00,46136,26.1,47.6,11,524.9,779.6,551.1,0.465,5,clock|dynamic|fixed|macro|quotes,False,60
2026-09-30T23:58:34+08:00,46136,26.4,49.4,11,537.5,796.8,563.9,0.712,5,clock|dynamic|fixed|macro|quotes,False,60
2026-09-30T23:59:34+08:00,46136,24.0,49.9,11,724.6,837.5,748.6,1.087,5,clock|dynamic|fixed|macro|quotes,False,60
2026-10-01T00:00:34+08:00,46136,28.0,53.2,11,629.1,864.2,657.0,0.785,5,clock|dynamic|fixed|macro|quotes,False,60
2026-10-01T00:01:34+08:00,46136,28.1,53.3,11,600.1,863.3,628.2,1.246,5,clock|dynamic|fixed|macro|quotes,False,60
2026-10-01T00:02:34+08:00,46136,28.1,53.3,11,577.6,852.2,605.7,0.597,5,clock|dynamic|fixed|macro|quotes,False,60
2026-10-01T00:03:34+08:00,46136,27.9,53.2,11,579.8,842.6,607.7,0.805,5,clock|dynamic|fixed|macro|quotes,False,60
2026-10-01T00:04:34+08:00,46136,28.0,53.2,11,568.5,841.9,596.5,0.890,5,clock|dynamic|fixed|macro|quotes,False,60
2026-10-01T00:05:34+08:00,46136,28.0,53.2,11,595.4,842.0,623.4,0.447,5,clock|dynamic|fixed|macro|quotes,False,60
2026-10-01T00:06:34+08:00,46136,28.0,53.2,11,595.3,841.4,623.3,1.235,5,clock|dynamic|fixed|macro|quotes,False,60
2026-10-01T00:07:34+08:00,46136,28.0,53.2,11,593.6,839.8,621.5,0.484,5,clock|dynamic|fixed|macro|quotes,False,60
2026-10-01T00:08:34+08:00,46136,27.7,53.0,11,598.5,834.0,626.2,0.864,5,clock|dynamic|fixed|macro|quotes,False,60
2026-10-01T00:09:34+08:00,46136,27.7,53.0,11,594.8,834.1,622.5,0.772,5,clock|dynamic|fixed|macro|quotes,False,60
2026-10-01T00:10:34+08:00,46136,27.7,53.0,11,597.7,834.2,625.4,0.438,5,clock|dynamic|fixed|macro|quotes,False,60
2026-10-01T00:11:34+08:00,46136,27.7,53.0,11,594.3,834.4,622.0,1.134,5,clock|dynamic|fixed|macro|quotes,False,60
2026-10-01T00:12:34+08:00,46136,27.7,53.0,11,585.0,834.8,612.7,0.460,5,clock|dynamic|fixed|macro|quotes,False,60
2026-10-01T00:13:34+08:00,46136,27.7,53.0,11,579.8,834.2,607.5,0.972,5,clock|dynamic|fixed|macro|quotes,False,60
2026-10-01T00:14:34+08:00,46136,27.7,53.0,11,597.6,834.2,625.3,0.551,5,clock|dynamic|fixed|macro|quotes,False,60
2026-10-01T00:15:34+08:00,46136,27.7,53.0,11,596.9,834.1,624.6,0.482,5,clock|dynamic|fixed|macro|quotes,False,60
2026-10-01T00:16:34+08:00,46136,27.7,53.0,11,595.1,835.2,622.8,1.077,5,clock|dynamic|fixed|macro|quotes,False,60
2026-10-01T00:17:34+08:00,46136,27.7,53.0,11,593.6,835.2,621.3,0.424,5,clock|dynamic|fixed|macro|quotes,False,60
2026-10-01T00:18:34+08:00,46136,27.7,53.0,11,596.2,835.3,623.9,1.014,5,clock|dynamic|fixed|macro|quotes,False,60
2026-10-01T00:19:34+08:00,46136,27.7,53.0,11,597.2,835.2,624.9,0.511,5,clock|dynamic|fixed|macro|quotes,False,60
2026-10-01T00:20:34+08:00,46136,27.7,53.0,11,597.0,835.4,624.7,0.716,5,clock|dynamic|fixed|macro|quotes,False,60
2026-10-01T00:21:34+08:00,46136,27.7,53.0,11,579.6,835.5,607.3,0.797,5,clock|dynamic|fixed|macro|quotes,False,60
2026-10-01T00:22:34+08:00,46136,27.7,53.0,11,570.7,837.4,598.4,0.422,5,clock|dynamic|fixed|macro|quotes,False,60
2026-10-01T00:23:34+08:00,46136,27.7,53.0,11,570.1,836.7,597.8,1.159,5,clock|dynamic|fixed|macro|quotes,False,60
2026-10-01T00:24:34+08:00,46136,27.7,53.0,11,595.9,836.5,623.6,0.440,5,clock|dynamic|fixed|macro|quotes,False,60
2026-10-01T00:25:34+08:00,46136,27.7,53.0,11,600.0,836.1,627.7,0.841,5,clock|dynamic|fixed|macro|quotes,False,60
2026-10-01T00:26:34+08:00,46136,27.7,53.0,11,593.9,836.0,621.6,0.657,5,clock|dynamic|fixed|macro|quotes,False,60
2026-10-01T00:27:34+08:00,46136,27.7,53.0,11,595.1,836.1,622.7,0.533,5,clock|dynamic|fixed|macro|quotes,False,60
2026-10-01T00:28:34+08:00,46136,27.7,53.0,11,594.6,835.9,622.3,1.298,5,clock|dynamic|fixed|macro|quotes,False,60
2026-10-01T00:29:34+08:00,46136,27.7,53.0,11,589.7,838.0,617.4,0.511,5,clock|dynamic|fixed|macro|quotes,False,60
2026-10-01T00:30:34+08:00,46136,27.7,53.0,11,579.5,836.2,607.2,1.131,5,clock|dynamic|fixed|macro|quotes,False,60
2026-10-01T00:31:34+08:00,46136,27.7,53.0,11,568.4,836.4,596.1,0.447,5,clock|dynamic|fixed|macro|quotes,False,60
2026-10-01T00:32:34+08:00,46136,27.7,53.0,11,568.4,836.4,596.1,0.578,5,clock|dynamic|fixed|macro|quotes,False,60
2026-10-01T00:33:34+08:00,46136,27.7,53.0,11,568.2,836.2,595.9,0.856,5,clock|dynamic|fixed|macro|quotes,False,60
2026-10-01T00:34:34+08:00,46136,27.7,53.0,11,568.7,836.1,596.3,0.467,5,clock|dynamic|fixed|macro|quotes,False,60
2026-10-01T00:35:34+08:00,46136,27.7,53.0,11,592.8,836.0,620.5,1.095,5,clock|dynamic|fixed|macro|quotes,False,60
2026-10-01T00:36:34+08:00,46136,27.7,53.0,11,595.9,836.3,623.6,0.425,5,clock|dynamic|fixed|macro|quotes,False,60
2026-10-01T00:37:34+08:00,46136,27.7,53.0,11,596.3,836.3,624.0,0.655,5,clock|dynamic|fixed|macro|quotes,False,60
2026-10-01T00:38:34+08:00,46136,27.7,53.0,11,595.0,836.6,622.7,0.646,5,clock|dynamic|fixed|macro|quotes,False,60
2026-10-01T00:39:34+08:00,46136,27.7,53.0,11,591.1,836.4,618.7,0.373,5,clock|dynamic|fixed|macro|quotes,False,60
2026-10-01T00:40:34+08:00,46136,27.7,53.0,11,581.0,837.0,608.7,0.992,5,clock|dynamic|fixed|macro|quotes,False,60
2026-10-01T00:41:34+08:00,46136,27.7,53.0,11,577.4,837.3,605.1,0.391,5,clock|dynamic|fixed|macro|quotes,False,60
2026-10-01T00:42:34+08:00,46136,27.7,53.0,11,571.0,837.0,598.7,0.837,5,clock|dynamic|fixed|macro|quotes,False,60
2026-10-01T00:43:34+08:00,46136,27.7,53.0,11,569.3,836.8,597.0,0.493,5,clock|dynamic|fixed|macro|quotes,False,60
2026-10-01T00:44:34+08:00,46136,27.7,53.0,11,596.1,836.7,623.7,0.430,5,clock|dynamic|fixed|macro|quotes,False,60
2026-10-01T00:45:34+08:00,46136,27.7,53.0,11,595.6,836.8,623.3,0.984,5,clock|dynamic|fixed|macro|quotes,False,60
2026-10-01T00:46:34+08:00,46136,27.7,53.0,11,597.8,836.7,625.5,0.407,5,clock|dynamic|fixed|macro|quotes,False,60
2026-10-01T00:47:34+08:00,46136,27.7,53.0,11,594.2,836.6,621.9,0.872,5,clock|dynamic|fixed|macro|quotes,False,60
2026-10-01T00:48:34+08:00,46136,27.7,53.0,11,575.4,836.8,603.1,0.386,5,clock|dynamic|fixed|macro|quotes,False,60
2026-10-01T00:49:34+08:00,46136,27.7,53.0,11,577.9,836.6,605.6,0.526,5,clock|dynamic|fixed|macro|quotes,False,60
2026-10-01T00:50:34+08:00,46136,27.7,53.0,11,568.0,836.8,595.7,0.882,5,clock|dynamic|fixed|macro|quotes,False,60
2026-10-01T00:51:34+08:00,46136,27.7,53.0,11,568.9,837.0,596.6,0.373,5,clock|dynamic|fixed|macro|quotes,False,60
2026-10-01T00:52:34+08:00,46136,27.7,53.0,11,568.8,837.0,596.5,0.989,5,clock|dynamic|fixed|macro|quotes,False,60
2026-10-01T00:53:34+08:00,46136,27.7,53.0,11,567.7,837.4,595.4,0.439,5,clock|dynamic|fixed|macro|quotes,False,60
2026-10-01T00:54:35+08:00,46136,27.7,53.0,11,569.1,836.9,596.8,0.678,5,clock|dynamic|fixed|macro|quotes,False,60
2026-10-01T00:55:34+08:00,46136,27.7,53.0,11,594.1,836.9,621.8,0.689,5,clock|dynamic|fixed|macro|quotes,False,60
2026-10-01T00:56:35+08:00,46136,27.7,53.0,11,595.6,837.0,623.3,0.391,5,clock|dynamic|fixed|macro|quotes,False,60
2026-10-01T00:57:35+08:00,46136,27.7,53.0,11,592.9,837.0,620.6,1.010,5,clock|dynamic|fixed|macro|quotes,False,60
2026-10-01T00:58:35+08:00,46136,27.7,53.0,11,587.0,839.1,614.7,0.409,5,clock|dynamic|fixed|macro|quotes,False,60
2026-10-01T00:59:34+08:00,46136,27.7,53.0,11,578.9,837.1,606.6,0.899,5,clock|dynamic|fixed|macro|quotes,False,60
2026-10-01T01:00:34+08:00,46136,27.7,53.0,11,568.2,837.1,595.9,0.456,5,clock|dynamic|fixed|macro|quotes,False,60
2026-10-01T01:01:35+08:00,46136,27.7,53.0,11,567.9,837.1,595.6,0.484,5,clock|dynamic|fixed|macro|quotes,False,60
2026-10-01T01:02:35+08:00,46136,27.7,53.0,11,568.0,837.1,595.7,0.887,5,clock|dynamic|fixed|macro|quotes,False,60
2026-10-01T01:03:35+08:00,46136,27.7,53.0,11,570.2,839.6,597.9,0.365,5,clock|dynamic|fixed|macro|quotes,False,60
2026-10-01T01:04:34+08:00,46136,27.7,53.0,11,569.3,838.9,597.0,0.940,5,clock|dynamic|fixed|macro|quotes,False,60
2026-10-01T01:05:35+08:00,46136,27.7,53.0,11,567.9,838.8,595.6,0.438,5,clock|dynamic|fixed|macro|quotes,False,60
2026-10-01T01:06:35+08:00,46136,27.7,53.0,11,586.3,838.9,614.0,0.661,5,clock|dynamic|fixed|macro|quotes,False,60
2026-10-01T01:07:35+08:00,46136,27.7,53.0,11,597.7,838.6,625.4,0.582,5,clock|dynamic|fixed|macro|quotes,False,60
2026-10-01T01:08:34+08:00,46136,27.7,53.0,11,580.3,838.6,607.9,0.358,5,clock|dynamic|fixed|macro|quotes,False,60
2026-10-01T01:09:35+08:00,46136,27.7,53.0,11,569.8,838.7,597.5,1.034,5,clock|dynamic|fixed|macro|quotes,False,60
2026-10-01T01:10:35+08:00,46136,27.7,53.0,11,576.6,839.3,604.3,0.422,5,clock|dynamic|fixed|macro|quotes,False,60
2026-10-01T01:11:35+08:00,46136,27.7,53.0,11,571.0,838.8,598.7,0.878,5,clock|dynamic|fixed|macro|quotes,False,60
2026-10-01T01:12:35+08:00,46136,27.7,53.0,11,569.4,838.8,597.1,0.438,5,clock|dynamic|fixed|macro|quotes,False,60
2026-10-01T01:13:35+08:00,46136,27.7,53.0,11,569.9,838.6,597.6,0.590,5,clock|dynamic|fixed|macro|quotes,False,60
2026-10-01T01:14:35+08:00,46136,27.7,53.0,11,573.8,842.1,601.5,0.794,5,clock|dynamic|fixed|macro|quotes,False,60
2026-10-01T01:15:35+08:00,46136,27.7,53.0,11,597.8,838.6,625.5,0.391,5,clock|dynamic|fixed|macro|quotes,False,60
2026-10-01T01:16:35+08:00,46136,27.7,53.0,11,596.9,838.8,624.6,0.881,5,clock|dynamic|fixed|macro|quotes,False,60
2026-10-01T01:17:35+08:00,46136,27.7,53.0,11,569.2,838.7,596.9,0.417,5,clock|dynamic|fixed|macro|quotes,False,60
2026-10-01T01:18:35+08:00,46136,27.7,53.0,11,580.3,838.6,607.9,0.766,5,clock|dynamic|fixed|macro|quotes,False,60
2026-10-01T01:19:35+08:00,46136,27.7,53.0,11,570.1,838.7,597.8,0.584,5,clock|dynamic|fixed|macro|quotes,False,60
2026-10-01T01:20:35+08:00,46136,27.7,53.0,11,570.8,838.9,598.5,0.334,5,clock|dynamic|fixed|macro|quotes,False,60
2026-10-01T01:21:35+08:00,46136,27.7,53.0,11,570.9,838.9,598.6,1.022,5,clock|dynamic|fixed|macro|quotes,False,60
2026-10-01T01:22:35+08:00,46136,27.7,53.0,11,570.5,839.5,598.3,0.394,5,clock|dynamic|fixed|macro|quotes,False,60
2026-10-01T01:23:35+08:00,46136,27.7,53.0,11,571.7,838.9,599.4,0.924,5,clock|dynamic|fixed|macro|quotes,False,60
2026-10-01T01:24:35+08:00,46136,27.7,53.0,11,570.2,838.8,597.9,0.433,5,clock|dynamic|fixed|macro|quotes,False,60
2026-10-01T01:25:35+08:00,46136,27.7,53.0,11,570.6,838.8,598.4,0.573,5,clock|dynamic|fixed|macro|quotes,False,60
2026-10-01T01:26:35+08:00,46136,27.7,53.0,11,570.4,838.9,598.2,0.765,5,clock|dynamic|fixed|macro|quotes,False,60
2026-10-01T01:27:35+08:00,46136,27.7,53.0,11,587.3,840.6,615.1,0.367,5,clock|dynamic|fixed|macro|quotes,False,60
2026-10-01T01:28:35+08:00,46136,27.7,53.0,11,582.9,838.5,610.6,0.962,5,clock|dynamic|fixed|macro|quotes,False,60
2026-10-01T01:29:35+08:00,46136,27.7,53.0,11,569.0,838.4,596.8,0.402,5,clock|dynamic|fixed|macro|quotes,False,60
2026-10-01T01:30:35+08:00,46136,27.7,53.0,11,568.7,838.3,596.5,0.873,5,clock|dynamic|fixed|macro|quotes,False,60
2026-10-01T01:31:35+08:00,46136,27.7,53.0,11,568.7,838.4,596.5,0.552,5,clock|dynamic|fixed|macro|quotes,False,60
2026-10-01T01:32:35+08:00,46136,27.7,53.0,11,569.6,838.3,597.3,0.382,5,clock|dynamic|fixed|macro|quotes,False,60
2026-10-01T01:33:35+08:00,46136,27.7,53.0,11,569.8,838.6,597.6,0.938,5,clock|dynamic|fixed|macro|quotes,False,60
2026-10-01T01:34:35+08:00,46136,27.7,53.0,11,568.6,839.0,596.3,0.410,5,clock|dynamic|fixed|macro|quotes,False,60
2026-10-01T01:35:35+08:00,46136,27.7,53.0,11,570.9,838.9,598.6,0.944,5,clock|dynamic|fixed|macro|quotes,False,60
2026-10-01T01:36:35+08:00,46136,27.7,53.0,11,569.6,839.0,597.4,0.436,5,clock|dynamic|fixed|macro|quotes,False,60
2026-10-01T01:37:35+08:00,46136,27.7,53.0,11,569.8,838.5,597.6,0.680,5,clock|dynamic|fixed|macro|quotes,False,60
2026-10-01T01:38:35+08:00,46136,27.7,53.0,11,570.0,838.6,597.7,0.795,5,clock|dynamic|fixed|macro|quotes,False,60
2026-10-01T01:39:35+08:00,46136,27.7,53.0,11,579.0,839.4,606.7,0.350,5,clock|dynamic|fixed|macro|quotes,False,60
2026-10-01T01:40:35+08:00,46136,27.7,53.0,11,570.5,838.5,598.3,1.016,5,clock|dynamic|fixed|macro|quotes,False,60
2026-10-01T01:41:35+08:00,46136,27.7,53.0,11,569.9,839.4,597.6,0.435,5,clock|dynamic|fixed|macro|quotes,False,60
2026-10-01T01:42:35+08:00,46136,27.7,53.0,11,570.3,839.1,598.0,0.826,5,clock|dynamic|fixed|macro|quotes,False,60
2026-10-01T01:43:35+08:00,46136,27.7,53.0,11,570.7,839.0,598.5,0.546,5,clock|dynamic|fixed|macro|quotes,False,60
2026-10-01T01:44:35+08:00,46136,27.7,53.0,11,570.1,838.8,597.9,0.422,5,clock|dynamic|fixed|macro|quotes,False,60
2026-10-01T01:45:35+08:00,46136,27.7,53.0,11,570.1,838.8,597.9,0.893,5,clock|dynamic|fixed|macro|quotes,False,60
2026-10-01T01:46:35+08:00,46136,27.7,53.0,11,568.7,838.8,596.5,0.437,5,clock|dynamic|fixed|macro|quotes,False,60
2026-10-01T01:47:35+08:00,46136,27.7,53.0,11,569.3,838.8,597.0,0.950,5,clock|dynamic|fixed|macro|quotes,False,60
2026-10-01T01:48:35+08:00,46136,27.7,53.0,11,569.2,838.7,597.0,0.437,5,clock|dynamic|fixed|macro|quotes,False,60
2026-10-01T01:49:35+08:00,46136,27.7,53.0,11,570.1,838.8,597.8,0.626,5,clock|dynamic|fixed|macro|quotes,False,60
2026-10-01T01:50:35+08:00,46136,27.7,53.0,11,570.0,838.9,597.8,0.738,5,clock|dynamic|fixed|macro|quotes,False,60
2026-10-01T01:51:35+08:00,46136,27.7,53.0,11,575.3,839.5,603.1,0.343,5,clock|dynamic|fixed|macro|quotes,False,60
2026-10-01T01:52:35+08:00,46136,27.7,53.0,11,570.7,838.9,598.5,0.933,5,clock|dynamic|fixed|macro|quotes,False,60
2026-10-01T01:53:35+08:00,46136,27.7,53.0,11,569.5,838.6,597.2,0.419,5,clock|dynamic|fixed|macro|quotes,False,60
2026-10-01T01:54:35+08:00,46136,27.7,53.0,11,570.2,838.6,598.0,0.869,5,clock|dynamic|fixed|macro|quotes,False,60
2026-10-01T01:55:35+08:00,46136,27.7,53.0,11,570.2,838.7,598.0,0.492,5,clock|dynamic|fixed|macro|quotes,False,60
2026-10-01T01:56:35+08:00,46136,27.7,53.0,11,579.7,839.8,607.5,0.436,5,clock|dynamic|fixed|macro|quotes,False,60
2026-10-01T01:57:35+08:00,46136,27.7,53.0,11,575.4,838.7,603.2,0.959,5,clock|dynamic|fixed|macro|quotes,False,60
2026-10-01T01:58:35+08:00,46136,27.7,53.0,11,569.5,838.7,597.3,0.385,5,clock|dynamic|fixed|macro|quotes,False,60
2026-10-01T01:59:35+08:00,46136,27.7,53.0,11,569.5,838.8,597.3,0.959,5,clock|dynamic|fixed|macro|quotes,False,60
2026-10-01T02:00:35+08:00,46136,27.7,53.0,11,569.5,838.9,597.3,0.432,5,clock|dynamic|fixed|macro|quotes,False,60
2026-10-01T02:01:35+08:00,46136,27.7,53.0,11,570.1,838.9,597.8,0.641,5,clock|dynamic|fixed|macro|quotes,False,60
2026-10-01T02:02:35+08:00,46136,27.7,53.0,11,570.8,838.8,598.6,0.707,5,clock|dynamic|fixed|macro|quotes,False,60
2026-10-01T02:03:35+08:00,46136,27.7,53.0,11,568.6,838.7,596.4,0.361,5,clock|dynamic|fixed|macro|quotes,False,60
2026-10-01T02:04:35+08:00,46136,27.7,53.0,11,570.9,838.7,598.6,0.938,5,clock|dynamic|fixed|macro|quotes,False,60
2026-10-01T02:05:35+08:00,46136,27.7,53.0,11,569.6,838.7,597.4,0.406,5,clock|dynamic|fixed|macro|quotes,False,60
2026-10-01T02:06:35+08:00,46136,27.7,53.0,11,570.3,839.0,598.1,0.891,5,clock|dynamic|fixed|macro|quotes,False,60
2026-10-01T02:07:35+08:00,46136,27.7,53.0,11,570.3,838.8,598.0,0.484,5,clock|dynamic|fixed|macro|quotes,False,60
2026-10-01T02:08:35+08:00,46136,27.7,53.0,11,583.2,839.2,610.9,0.463,5,clock|dynamic|fixed|macro|quotes,False,60
2026-10-01T02:09:35+08:00,46136,27.7,53.0,11,570.7,838.7,598.4,0.817,5,clock|dynamic|fixed|macro|quotes,False,60
2026-10-01T02:10:35+08:00,46136,27.7,53.0,11,569.3,838.9,597.1,0.363,5,clock|dynamic|fixed|macro|quotes,False,60
2026-10-01T02:11:35+08:00,46136,27.7,53.0,11,572.3,839.1,600.1,0.947,5,clock|dynamic|fixed|macro|quotes,False,60
2026-10-01T02:12:35+08:00,46136,27.7,53.0,11,569.6,839.2,597.3,0.413,5,clock|dynamic|fixed|macro|quotes,False,60
2026-10-01T02:13:35+08:00,46136,27.7,53.0,11,569.9,839.1,597.6,0.698,5,clock|dynamic|fixed|macro|quotes,False,60
2026-10-01T02:14:35+08:00,46136,27.7,53.0,11,570.4,839.4,598.1,0.609,5,clock|dynamic|fixed|macro|quotes,False,60
2026-10-01T02:15:35+08:00,46136,27.7,53.0,11,568.8,839.2,596.6,0.362,5,clock|dynamic|fixed|macro|quotes,False,60
2026-10-01T02:16:35+08:00,46136,27.7,53.0,11,569.3,839.0,597.0,1.007,5,clock|dynamic|fixed|macro|quotes,False,60
2026-10-01T02:17:35+08:00,46136,27.7,53.0,11,569.3,839.2,597.1,0.406,5,clock|dynamic|fixed|macro|quotes,False,60
2026-10-01T02:18:35+08:00,46136,27.7,53.0,11,569.5,839.1,597.2,0.939,5,clock|dynamic|fixed|macro|quotes,False,60
2026-10-01T02:19:35+08:00,46136,27.7,53.0,11,569.7,839.1,597.5,0.452,5,clock|dynamic|fixed|macro|quotes,False,60
2026-10-01T02:20:35+08:00,46136,27.7,53.0,11,574.8,839.7,602.5,0.568,5,clock|dynamic|fixed|macro|quotes,False,60
2026-10-01T02:21:35+08:00,46136,27.7,53.0,11,570.6,839.3,598.3,0.761,5,clock|dynamic|fixed|macro|quotes,False,60
2026-10-01T02:22:35+08:00,46136,27.7,53.0,11,568.9,839.2,596.6,0.390,5,clock|dynamic|fixed|macro|quotes,False,60
2026-10-01T02:23:35+08:00,46136,27.7,53.0,11,569.4,838.9,597.2,0.982,5,clock|dynamic|fixed|macro|quotes,False,60
2026-10-01T02:24:35+08:00,46136,27.7,53.0,11,569.2,838.9,597.0,0.426,5,clock|dynamic|fixed|macro|quotes,False,60
2026-10-01T02:25:35+08:00,46136,27.7,53.0,11,569.5,839.0,597.3,0.784,5,clock|dynamic|fixed|macro|quotes,False,60
2026-10-01T02:26:35+08:00,46136,27.7,53.0,11,569.8,839.2,597.6,0.586,5,clock|dynamic|fixed|macro|quotes,False,60
2026-10-01T02:27:35+08:00,46136,27.7,53.0,11,568.3,839.2,596.0,0.394,5,clock|dynamic|fixed|macro|quotes,False,60
2026-10-01T02:28:35+08:00,46136,27.7,53.0,11,569.7,839.2,597.4,0.974,5,clock|dynamic|fixed|macro|quotes,False,60
2026-10-01T02:29:35+08:00,46136,27.7,53.0,11,569.7,839.1,597.4,0.392,5,clock|dynamic|fixed|macro|quotes,False,60
2026-10-01T02:30:35+08:00,46136,27.7,53.0,11,570.3,839.2,598.1,0.933,5,clock|dynamic|fixed|macro|quotes,False,60
2026-10-01T02:31:35+08:00,46136,27.7,53.0,11,570.1,838.9,597.9,0.444,5,clock|dynamic|fixed|macro|quotes,False,60
2026-10-01T02:32:35+08:00,46136,27.7,53.0,11,568.9,839.0,596.7,0.669,5,clock|dynamic|fixed|macro|quotes,False,60
2026-10-01T02:33:36+08:00,46136,27.7,53.0,11,570.6,838.9,598.4,0.718,5,clock|dynamic|fixed|macro|quotes,False,60
2026-10-01T02:34:36+08:00,46136,27.7,53.0,11,569.3,838.9,597.1,0.336,5,clock|dynamic|fixed|macro|quotes,False,60
2026-10-01T02:35:35+08:00,46136,27.7,53.0,11,569.9,839.0,597.6,1.010,5,clock|dynamic|fixed|macro|quotes,False,60
2026-10-01T02:36:36+08:00,46136,27.7,53.0,11,570.8,839.5,598.5,0.431,5,clock|dynamic|fixed|macro|quotes,False,60
2026-10-01T02:37:35+08:00,46136,27.7,53.0,11,580.6,840.1,608.3,0.882,5,clock|dynamic|fixed|macro|quotes,False,60
2026-10-01T02:38:36+08:00,46136,27.7,53.0,11,571.3,839.6,599.0,0.483,5,clock|dynamic|fixed|macro|quotes,False,60
2026-10-01T02:39:35+08:00,46136,27.7,53.0,11,569.6,839.3,597.3,0.470,5,clock|dynamic|fixed|macro|quotes,False,60
2026-10-01T02:40:35+08:00,46136,27.7,53.0,11,569.6,839.3,597.4,0.891,5,clock|dynamic|fixed|macro|quotes,False,60
2026-10-01T02:41:35+08:00,46136,27.7,53.0,11,569.5,839.3,597.2,0.381,5,clock|dynamic|fixed|macro|quotes,False,60
2026-10-01T02:42:36+08:00,46136,27.7,53.0,11,570.3,839.3,598.1,0.951,5,clock|dynamic|fixed|macro|quotes,False,60
2026-10-01T02:43:36+08:00,46136,27.7,53.0,11,570.4,839.4,598.1,0.409,5,clock|dynamic|fixed|macro|quotes,False,60
2026-10-01T02:44:36+08:00,46136,27.7,53.0,11,568.6,839.6,596.4,0.754,5,clock|dynamic|fixed|macro|quotes,False,60
2026-10-01T02:45:36+08:00,46136,27.7,53.0,11,569.1,839.2,596.9,0.583,5,clock|dynamic|fixed|macro|quotes,False,60
2026-10-01T02:46:36+08:00,46136,27.7,53.0,11,569.0,839.1,596.8,0.360,5,clock|dynamic|fixed|macro|quotes,False,60
2026-10-01T02:47:36+08:00,46136,27.7,53.0,11,570.0,839.3,597.8,0.995,5,clock|dynamic|fixed|macro|quotes,False,60
2026-10-01T02:48:36+08:00,46136,27.7,53.0,11,569.9,839.1,597.7,0.394,5,clock|dynamic|fixed|macro|quotes,False,60
2026-10-01T02:49:36+08:00,46136,27.7,53.0,11,576.6,839.9,604.3,0.906,5,clock|dynamic|fixed|macro|quotes,False,60
2026-10-01T02:50:36+08:00,46136,27.7,53.0,11,570.4,839.3,598.1,0.454,5,clock|dynamic|fixed|macro|quotes,False,60
2026-10-01T02:51:36+08:00,46136,27.7,53.0,11,569.2,839.3,596.9,0.624,5,clock|dynamic|fixed|macro|quotes,False,60
2026-10-01T02:52:36+08:00,46136,27.7,53.0,11,569.8,839.4,597.5,0.737,5,clock|dynamic|fixed|macro|quotes,False,60
2026-10-01T02:53:36+08:00,46136,27.7,53.0,11,570.1,839.3,597.9,0.391,5,clock|dynamic|fixed|macro|quotes,False,60
2026-10-01T02:54:36+08:00,46136,27.7,53.0,11,569.7,839.2,597.5,0.989,5,clock|dynamic|fixed|macro|quotes,False,60
2026-10-01T02:55:36+08:00,46136,27.7,53.0,11,569.8,839.2,597.5,0.420,5,clock|dynamic|fixed|macro|quotes,False,60
2026-10-01T02:56:36+08:00,46136,27.7,53.0,11,568.4,839.1,596.1,0.897,5,clock|dynamic|fixed|macro|quotes,False,60
2026-10-01T02:57:36+08:00,46136,27.7,53.0,11,569.3,839.3,597.1,0.513,5,clock|dynamic|fixed|macro|quotes,False,60
2026-10-01T02:58:36+08:00,46136,27.7,53.0,11,569.4,839.4,597.1,0.464,5,clock|dynamic|fixed|macro|quotes,False,60
2026-10-01T02:59:36+08:00,46136,27.7,53.0,11,570.2,839.3,597.9,0.870,5,clock|dynamic|fixed|macro|quotes,False,60
2026-10-01T03:00:36+08:00,46136,27.7,53.0,11,569.6,839.2,597.4,0.383,5,clock|dynamic|fixed|macro|quotes,False,60
2026-10-01T03:01:36+08:00,46136,27.7,53.0,11,568.7,839.6,596.5,0.948,5,clock|dynamic|fixed|macro|quotes,False,60
2026-10-01T03:02:36+08:00,46136,27.7,53.0,11,570.4,839.5,598.1,0.393,5,clock|dynamic|fixed|macro|quotes,False,60
2026-10-01T03:03:36+08:00,46136,27.7,53.0,11,568.8,839.3,596.5,0.685,5,clock|dynamic|fixed|macro|quotes,False,60
2026-10-01T03:04:36+08:00,46136,27.7,53.0,11,569.5,839.2,597.2,0.648,5,clock|dynamic|fixed|macro|quotes,False,60
2026-10-01T03:05:36+08:00,46136,27.7,53.0,11,569.3,839.0,597.1,0.354,5,clock|dynamic|fixed|macro|quotes,False,60
2026-10-01T03:06:36+08:00,46136,27.7,53.0,11,587.5,840.4,615.2,1.025,5,clock|dynamic|fixed|macro|quotes,False,60
2026-10-01T03:07:36+08:00,46136,27.7,53.0,11,576.6,839.3,604.3,0.385,5,clock|dynamic|fixed|macro|quotes,False,60
2026-10-01T03:08:36+08:00,46136,27.7,53.0,11,569.4,839.4,597.1,0.950,5,clock|dynamic|fixed|macro|quotes,False,60
2026-10-01T03:09:36+08:00,46136,27.7,53.0,11,569.1,839.5,596.8,0.498,5,clock|dynamic|fixed|macro|quotes,False,60
2026-10-01T03:10:36+08:00,46136,27.7,53.0,11,569.1,839.4,596.8,0.549,5,clock|dynamic|fixed|macro|quotes,False,60
2026-10-01T03:11:36+08:00,46136,27.7,53.0,11,569.4,839.2,597.1,0.820,5,clock|dynamic|fixed|macro|quotes,False,60
2026-10-01T03:12:36+08:00,46136,27.7,53.0,11,569.2,839.1,596.9,0.400,5,clock|dynamic|fixed|macro|quotes,False,60
2026-10-01T03:13:36+08:00,46136,27.7,53.0,11,568.2,839.3,595.9,1.055,5,clock|dynamic|fixed|macro|quotes,False,60
2026-10-01T03:14:36+08:00,46136,27.7,53.0,11,569.8,839.0,597.5,0.438,5,clock|dynamic|fixed|macro|quotes,False,60
2026-10-01T03:15:36+08:00,46136,27.7,53.0,11,568.4,839.0,596.2,0.808,5,clock|dynamic|fixed|macro|quotes,False,60
2026-10-01T03:16:36+08:00,46136,27.7,53.0,11,569.3,839.1,597.1,0.541,5,clock|dynamic|fixed|macro|quotes,False,60
2026-10-01T03:17:36+08:00,46136,27.7,53.0,11,569.5,839.4,597.2,0.383,5,clock|dynamic|fixed|macro|quotes,False,60
2026-10-01T03:18:36+08:00,46136,27.7,53.0,11,576.7,840.1,604.5,0.950,5,clock|dynamic|fixed|macro|quotes,False,60
2026-10-01T03:19:36+08:00,46136,27.7,53.0,11,582.0,840.5,609.7,0.378,5,clock|dynamic|fixed|macro|quotes,False,60
2026-10-01T03:20:36+08:00,46136,27.7,53.0,11,569.5,840.0,597.3,0.941,5,clock|dynamic|fixed|macro|quotes,False,60
2026-10-01T03:21:36+08:00,46136,27.7,53.0,11,570.3,840.0,598.1,0.438,5,clock|dynamic|fixed|macro|quotes,False,60
2026-10-01T03:22:36+08:00,46136,27.7,53.0,11,570.0,839.8,597.7,0.717,5,clock|dynamic|fixed|macro|quotes,False,60
2026-10-01T03:23:36+08:00,46136,27.7,53.0,11,569.9,840.0,597.7,0.680,5,clock|dynamic|fixed|macro|quotes,False,60
2026-10-01T03:24:36+08:00,46136,27.7,53.0,11,569.6,839.7,597.4,0.352,5,clock|dynamic|fixed|macro|quotes,False,60
2026-10-01T03:25:36+08:00,46136,27.7,53.0,11,568.2,839.7,595.9,1.011,5,clock|dynamic|fixed|macro|quotes,False,60
2026-10-01T03:26:36+08:00,46136,27.7,53.0,11,568.9,839.7,596.7,0.409,5,clock|dynamic|fixed|macro|quotes,False,60
2026-10-01T03:27:36+08:00,46136,27.7,53.0,11,569.0,839.7,596.8,0.932,5,clock|dynamic|fixed|macro|quotes,False,60
2026-10-01T03:28:36+08:00,46136,27.7,53.0,11,569.7,839.7,597.5,0.484,5,clock|dynamic|fixed|macro|quotes,False,60
2026-10-01T03:29:36+08:00,46136,27.7,53.0,11,569.9,840.1,597.6,0.552,5,clock|dynamic|fixed|macro|quotes,False,60
2026-10-01T03:30:36+08:00,46136,27.7,53.0,11,570.2,840.7,598.0,0.802,5,clock|dynamic|fixed|macro|quotes,False,60
2026-10-01T03:31:36+08:00,46136,27.7,53.0,11,570.6,840.3,598.3,0.396,5,clock|dynamic|fixed|macro|quotes,False,60
2026-10-01T03:32:36+08:00,46136,27.7,53.0,11,569.0,840.1,596.7,0.931,5,clock|dynamic|fixed|macro|quotes,False,60
2026-10-01T03:33:36+08:00,46136,27.7,53.0,11,569.4,840.1,597.1,0.428,5,clock|dynamic|fixed|macro|quotes,False,60
2026-10-01T03:34:36+08:00,46136,27.7,53.0,11,569.4,840.0,597.1,0.820,5,clock|dynamic|fixed|macro|quotes,False,60
2026-10-01T03:35:36+08:00,46136,27.7,53.0,11,578.7,840.8,606.5,0.594,5,clock|dynamic|fixed|macro|quotes,False,60
2026-10-01T03:36:36+08:00,46136,27.7,53.0,11,570.6,840.2,598.4,0.399,5,clock|dynamic|fixed|macro|quotes,False,60
2026-10-01T03:37:36+08:00,46136,27.7,53.0,11,569.2,840.1,597.0,0.974,5,clock|dynamic|fixed|macro|quotes,False,60
2026-10-01T03:38:36+08:00,46136,27.7,53.0,11,568.8,840.0,596.5,0.387,5,clock|dynamic|fixed|macro|quotes,False,60
2026-10-01T03:39:36+08:00,46136,27.7,53.0,11,568.8,839.7,596.5,0.953,5,clock|dynamic|fixed|macro|quotes,False,60
2026-10-01T03:40:36+08:00,46136,27.7,53.0,11,569.5,839.7,597.3,0.449,5,clock|dynamic|fixed|macro|quotes,False,60
2026-10-01T03:41:36+08:00,46136,27.7,53.0,11,569.7,839.9,597.4,0.680,5,clock|dynamic|fixed|macro|quotes,False,60
2026-10-01T03:42:36+08:00,46136,27.7,53.0,11,568.4,840.0,596.1,0.707,5,clock|dynamic|fixed|macro|quotes,False,60
2026-10-01T03:43:36+08:00,46136,27.7,53.0,11,570.0,839.7,597.8,0.349,5,clock|dynamic|fixed|macro|quotes,False,60
2026-10-01T03:44:36+08:00,46136,27.7,53.0,11,568.7,839.8,596.5,1.058,5,clock|dynamic|fixed|macro|quotes,False,60
2026-10-01T03:45:36+08:00,46136,27.7,53.0,11,569.4,839.7,597.1,0.384,5,clock|dynamic|fixed|macro|quotes,False,60
2026-10-01T03:46:36+08:00,46136,27.7,53.0,11,569.5,839.7,597.2,0.941,5,clock|dynamic|fixed|macro|quotes,False,60
2026-10-01T03:47:36+08:00,46136,27.7,53.0,11,584.5,840.4,612.3,0.490,5,clock|dynamic|fixed|macro|quotes,False,60
2026-10-01T03:48:36+08:00,46136,27.7,53.0,11,574.3,839.8,602.1,0.540,5,clock|dynamic|fixed|macro|quotes,False,60
2026-10-01T03:49:36+08:00,46136,27.7,53.0,11,569.7,839.8,597.5,0.837,5,clock|dynamic|fixed|macro|quotes,False,60
2026-10-01T03:50:36+08:00,46136,27.7,53.0,11,569.5,839.9,597.2,0.382,5,clock|dynamic|fixed|macro|quotes,False,60
2026-10-01T03:51:36+08:00,46136,27.7,53.0,11,569.6,839.9,597.4,0.981,5,clock|dynamic|fixed|macro|quotes,False,60
2026-10-01T03:52:36+08:00,46136,27.7,53.0,11,570.2,839.9,597.9,0.423,5,clock|dynamic|fixed|macro|quotes,False,60
2026-10-01T03:53:36+08:00,46136,27.7,53.0,11,570.0,839.9,597.8,0.791,5,clock|dynamic|fixed|macro|quotes,False,60
2026-10-01T03:54:36+08:00,46136,27.7,53.0,11,568.7,840.0,596.5,0.617,5,clock|dynamic|fixed|macro|quotes,False,60
2026-10-01T03:55:36+08:00,46136,27.7,53.0,11,569.2,839.9,597.0,0.376,5,clock|dynamic|fixed|macro|quotes,False,60
2026-10-01T03:56:36+08:00,46136,27.7,53.0,11,569.2,839.8,597.0,0.968,5,clock|dynamic|fixed|macro|quotes,False,60
2026-10-01T03:57:36+08:00,46136,27.7,53.0,11,570.5,840.0,598.3,0.397,5,clock|dynamic|fixed|macro|quotes,False,60
2026-10-01T03:58:36+08:00,46136,27.7,53.0,11,569.8,839.7,597.5,0.909,5,clock|dynamic|fixed|macro|quotes,False,60
2026-10-01T03:59:37+08:00,46136,27.7,53.0,11,568.9,839.9,596.6,0.448,5,clock|dynamic|fixed|macro|quotes,False,60
2026-10-01T04:00:37+08:00,46136,27.7,53.0,11,570.7,839.9,598.5,0.653,5,clock|dynamic|fixed|macro|quotes,False,60
2026-10-01T04:01:36+08:00,46136,27.7,53.0,11,569.3,839.8,597.1,0.770,5,clock|dynamic|fixed|macro|quotes,False,60
2026-10-01T04:02:36+08:00,46136,27.7,53.0,11,570.1,839.8,597.8,0.365,5,clock|dynamic|fixed|macro|quotes,False,60
2026-10-01T04:03:36+08:00,46136,27.7,53.0,11,570.0,840.0,597.7,1.023,5,clock|dynamic|fixed|macro|quotes,False,60
2026-10-01T04:04:37+08:00,46136,27.7,53.0,11,573.0,840.6,600.7,0.430,5,clock|dynamic|fixed|macro|quotes,False,60
2026-10-01T04:05:36+08:00,46136,27.7,53.0,11,570.0,839.9,597.8,0.847,5,clock|dynamic|fixed|macro|quotes,False,60
2026-10-01T04:06:37+08:00,46136,27.7,53.0,11,570.1,841.0,597.9,0.476,5,clock|dynamic|fixed|macro|quotes,False,60
2026-10-01T04:07:37+08:00,46136,27.7,53.0,11,570.6,840.8,598.3,0.425,5,clock|dynamic|fixed|macro|quotes,False,60
2026-10-01T04:08:37+08:00,46136,27.7,53.0,11,570.5,840.9,598.3,0.957,5,clock|dynamic|fixed|macro|quotes,False,60
2026-10-01T04:09:36+08:00,46136,27.7,53.0,11,571.2,840.9,599.0,0.401,5,clock|dynamic|fixed|macro|quotes,False,60
2026-10-01T04:10:37+08:00,46136,27.7,53.0,11,571.3,840.8,599.1,0.961,5,clock|dynamic|fixed|macro|quotes,False,60
2026-10-01T04:11:36+08:00,46136,27.7,53.0,11,570.0,840.8,597.8,0.409,5,clock|dynamic|fixed|macro|quotes,False,60
2026-10-01T04:12:36+08:00,46136,27.7,53.0,11,572.1,841.0,599.9,0.732,5,clock|dynamic|fixed|macro|quotes,False,60
2026-10-01T04:13:36+08:00,46136,27.7,53.0,11,570.5,840.8,598.2,0.663,5,clock|dynamic|fixed|macro|quotes,False,60
2026-10-01T04:14:37+08:00,46136,27.7,53.0,11,571.1,840.8,598.8,0.321,5,clock|dynamic|fixed|macro|quotes,False,60
2026-10-01T04:15:37+08:00,46136,27.7,53.0,11,572.6,840.8,600.3,0.999,5,clock|dynamic|fixed|macro|quotes,False,60
2026-10-01T04:16:37+08:00,46136,27.7,53.0,11,581.7,841.7,609.5,0.416,5,clock|dynamic|fixed|macro|quotes,False,60
2026-10-01T04:17:37+08:00,46136,27.7,53.0,11,572.9,840.7,600.7,0.910,5,clock|dynamic|fixed|macro|quotes,False,60
2026-10-01T04:18:36+08:00,46136,27.7,53.0,11,571.6,840.6,599.3,0.468,5,clock|dynamic|fixed|macro|quotes,False,60
2026-10-01T04:19:37+08:00,46136,27.7,53.0,11,572.0,840.9,599.7,0.495,5,clock|dynamic|fixed|macro|quotes,False,60
2026-10-01T04:20:37+08:00,46136,27.7,53.0,11,571.9,841.0,599.7,0.775,5,clock|dynamic|fixed|macro|quotes,False,60
2026-10-01T04:21:37+08:00,46136,27.7,53.0,11,572.9,841.0,600.6,0.369,5,clock|dynamic|fixed|macro|quotes,False,60
2026-10-01T04:22:36+08:00,46136,27.7,53.0,11,572.7,841.0,600.5,1.012,5,clock|dynamic|fixed|macro|quotes,False,60
2026-10-01T04:23:37+08:00,46136,27.7,53.0,11,571.4,841.1,599.1,0.423,5,clock|dynamic|fixed|macro|quotes,False,60
2026-10-01T04:24:37+08:00,46136,27.7,53.0,11,571.7,840.8,599.5,0.791,5,clock|dynamic|fixed|macro|quotes,False,60
2026-10-01T04:25:37+08:00,46136,27.7,53.0,11,571.8,840.7,599.5,0.588,5,clock|dynamic|fixed|macro|quotes,False,60
2026-10-01T04:26:37+08:00,46136,27.7,53.0,11,572.5,840.7,600.3,0.341,5,clock|dynamic|fixed|macro|quotes,False,60
2026-10-01T04:27:37+08:00,46136,27.7,53.0,11,572.6,840.7,600.3,0.945,5,clock|dynamic|fixed|macro|quotes,False,60
2026-10-01T04:28:37+08:00,46136,27.7,53.0,11,579.0,844.0,606.7,0.393,5,clock|dynamic|fixed|macro|quotes,False,60
2026-10-01T04:29:37+08:00,46136,27.7,53.0,11,573.2,843.5,600.9,0.883,5,clock|dynamic|fixed|macro|quotes,False,60
2026-10-01T04:30:37+08:00,46136,27.7,53.0,11,571.7,843.4,599.5,0.436,5,clock|dynamic|fixed|macro|quotes,False,60
2026-10-01T04:31:37+08:00,46136,27.7,53.0,11,572.3,843.5,600.0,0.619,5,clock|dynamic|fixed|macro|quotes,False,60
2026-10-01T04:32:37+08:00,46136,27.7,53.0,11,572.2,843.5,600.0,0.776,5,clock|dynamic|fixed|macro|quotes,False,60
2026-10-01T04:33:37+08:00,46136,27.7,53.0,11,572.0,843.6,599.7,0.336,5,clock|dynamic|fixed|macro|quotes,False,60
2026-10-01T04:34:37+08:00,46136,27.7,53.0,11,571.8,843.5,599.6,1.006,5,clock|dynamic|fixed|macro|quotes,False,60
2026-10-01T04:35:37+08:00,46136,27.7,53.0,11,570.5,843.5,598.2,0.415,5,clock|dynamic|fixed|macro|quotes,False,60
2026-10-01T04:36:37+08:00,46136,27.7,53.0,11,571.2,843.5,598.9,0.816,5,clock|dynamic|fixed|macro|quotes,False,60
2026-10-01T04:37:37+08:00,46136,27.7,53.0,11,571.4,843.6,599.1,0.512,5,clock|dynamic|fixed|macro|quotes,False,60
2026-10-01T04:38:37+08:00,46136,27.7,53.0,11,571.9,843.5,599.7,0.478,5,clock|dynamic|fixed|macro|quotes,False,60
2026-10-01T04:39:37+08:00,46136,27.7,53.0,11,571.7,843.4,599.5,0.875,5,clock|dynamic|fixed|macro|quotes,False,60
2026-10-01T04:40:37+08:00,46136,27.7,53.0,11,570.4,843.5,598.1,0.387,5,clock|dynamic|fixed|macro|quotes,False,60
2026-10-01T04:41:37+08:00,46136,27.7,53.0,11,572.4,843.5,600.1,0.992,5,clock|dynamic|fixed|macro|quotes,False,60
2026-10-01T04:42:37+08:00,46136,27.7,53.0,11,571.3,843.6,599.0,0.431,5,clock|dynamic|fixed|macro|quotes,False,60
2026-10-01T04:43:37+08:00,46136,27.7,53.0,11,572.0,843.6,599.8,0.717,5,clock|dynamic|fixed|macro|quotes,False,60
2026-10-01T04:44:37+08:00,46136,27.7,53.0,11,572.1,843.6,599.8,0.656,5,clock|dynamic|fixed|macro|quotes,False,60
2026-10-01T04:45:37+08:00,46136,27.7,53.0,11,581.9,844.9,609.7,0.350,5,clock|dynamic|fixed|macro|quotes,False,60
2026-10-01T04:46:37+08:00,46136,27.7,53.0,11,572.7,843.5,600.4,0.978,5,clock|dynamic|fixed|macro|quotes,False,60
2026-10-01T04:47:37+08:00,46136,27.7,53.0,11,571.1,843.4,598.8,0.416,5,clock|dynamic|fixed|macro|quotes,False,60
2026-10-01T04:48:37+08:00,46136,27.7,53.0,11,571.0,843.3,598.8,0.918,5,clock|dynamic|fixed|macro|quotes,False,60
2026-10-01T04:49:37+08:00,46136,27.7,53.0,11,571.3,843.4,599.1,0.447,5,clock|dynamic|fixed|macro|quotes,False,60
2026-10-01T04:50:37+08:00,46136,27.7,53.0,11,572.1,843.5,599.8,0.595,5,clock|dynamic|fixed|macro|quotes,False,60
2026-10-01T04:51:37+08:00,46136,27.7,53.0,11,572.4,843.6,600.1,0.803,5,clock|dynamic|fixed|macro|quotes,False,60
2026-10-01T04:52:37+08:00,46136,27.7,53.0,11,571.2,843.7,598.9,0.367,5,clock|dynamic|fixed|macro|quotes,False,60
2026-10-01T04:53:37+08:00,46136,27.7,53.0,11,573.2,843.7,601.0,0.909,5,clock|dynamic|fixed|macro|quotes,False,60
2026-10-01T04:54:37+08:00,46136,27.7,53.0,11,571.8,843.7,599.6,0.449,5,clock|dynamic|fixed|macro|quotes,False,60
2026-10-01T04:55:37+08:00,46136,27.7,53.0,11,572.6,843.9,600.3,0.774,5,clock|dynamic|fixed|macro|quotes,False,60
2026-10-01T04:56:37+08:00,46136,27.7,53.0,11,572.4,843.7,600.1,0.597,5,clock|dynamic|fixed|macro|quotes,False,60
2026-10-01T04:57:37+08:00,46136,27.7,53.0,11,577.8,844.0,605.5,0.409,5,clock|dynamic|fixed|macro|quotes,False,60
2026-10-01T04:58:37+08:00,46136,27.7,53.0,11,571.5,843.5,599.2,0.992,5,clock|dynamic|fixed|macro|quotes,False,60
2026-10-01T04:59:37+08:00,46136,27.7,53.0,11,570.3,843.6,598.0,0.400,5,clock|dynamic|fixed|macro|quotes,False,60
2026-10-01T05:00:37+08:00,46136,27.7,53.0,11,571.0,843.8,598.7,0.963,5,clock|dynamic|fixed|macro|quotes,False,60
2026-10-01T05:01:37+08:00,46136,27.7,53.0,11,571.0,843.6,598.7,0.438,5,clock|dynamic|fixed|macro|quotes,False,60
2026-10-01T05:02:37+08:00,46136,27.7,53.0,11,571.0,843.5,598.8,0.628,5,clock|dynamic|fixed|macro|quotes,False,60
2026-10-01T05:03:37+08:00,46136,27.7,53.0,11,570.9,843.4,598.7,0.692,5,clock|dynamic|fixed|macro|quotes,False,60
2026-10-01T05:04:37+08:00,46136,27.7,53.0,11,569.8,843.6,597.5,0.372,5,clock|dynamic|fixed|macro|quotes,False,60
2026-10-01T05:05:37+08:00,46136,27.7,53.0,11,570.5,843.8,598.2,1.017,5,clock|dynamic|fixed|macro|quotes,False,60
2026-10-01T05:06:37+08:00,46136,27.7,53.0,11,570.4,843.8,598.1,0.425,5,clock|dynamic|fixed|macro|quotes,False,60
2026-10-01T05:07:37+08:00,46136,27.7,53.0,11,574.5,843.7,602.3,0.861,5,clock|dynamic|fixed|macro|quotes,False,60
2026-10-01T05:08:37+08:00,46136,27.7,53.0,11,571.2,843.5,598.9,0.510,5,clock|dynamic|fixed|macro|quotes,False,60
2026-10-01T05:09:37+08:00,46136,27.7,53.0,11,569.5,843.7,597.3,0.450,5,clock|dynamic|fixed|macro|quotes,False,60
2026-10-01T05:10:37+08:00,46136,27.7,53.0,11,571.7,843.7,599.5,0.906,5,clock|dynamic|fixed|macro|quotes,False,60
2026-10-01T05:11:37+08:00,46136,27.7,53.0,11,570.5,843.7,598.2,0.395,5,clock|dynamic|fixed|macro|quotes,False,60
2026-10-01T05:12:37+08:00,46136,27.7,53.0,11,571.4,843.8,599.2,0.959,5,clock|dynamic|fixed|macro|quotes,False,60
2026-10-01T05:13:37+08:00,46136,27.7,53.0,11,571.5,843.7,599.2,0.448,5,clock|dynamic|fixed|macro|quotes,False,60
2026-10-01T05:14:37+08:00,46136,27.7,53.0,11,579.7,845.7,607.4,0.680,5,clock|dynamic|fixed|macro|quotes,False,60
2026-10-01T05:15:37+08:00,46136,27.7,53.0,11,572.4,843.8,600.1,0.687,5,clock|dynamic|fixed|macro|quotes,False,60
2026-10-01T05:16:37+08:00,46136,27.7,53.0,11,570.0,843.9,597.7,0.387,5,clock|dynamic|fixed|macro|quotes,False,60
2026-10-01T05:17:37+08:00,46136,27.7,53.0,11,569.9,844.0,597.6,1.019,5,clock|dynamic|fixed|macro|quotes,False,60
2026-10-01T05:18:37+08:00,46136,27.7,53.0,11,570.1,843.9,597.8,0.420,5,clock|dynamic|fixed|macro|quotes,False,60
2026-10-01T05:19:37+08:00,46136,27.7,53.0,11,570.7,843.9,598.5,0.915,5,clock|dynamic|fixed|macro|quotes,False,60
2026-10-01T05:20:37+08:00,46136,27.7,53.0,11,571.0,844.0,598.7,0.485,5,clock|dynamic|fixed|macro|quotes,False,60
2026-10-01T05:21:37+08:00,46136,27.7,53.0,11,569.8,844.2,597.6,0.474,5,clock|dynamic|fixed|macro|quotes,False,60
2026-10-01T05:22:37+08:00,46136,27.7,53.0,11,570.9,844.1,598.6,0.841,5,clock|dynamic|fixed|macro|quotes,False,60
2026-10-01T05:23:37+08:00,46136,27.7,53.0,11,570.1,843.9,597.8,0.412,5,clock|dynamic|fixed|macro|quotes,False,60
2026-10-01T05:24:37+08:00,46136,27.7,53.0,11,571.0,843.9,598.8,0.948,5,clock|dynamic|fixed|macro|quotes,False,60
2026-10-01T05:25:37+08:00,46136,27.7,53.0,11,571.0,844.0,598.8,0.430,5,clock|dynamic|fixed|macro|quotes,False,60
2026-10-01T05:26:37+08:00,46136,27.7,53.0,11,590.9,845.9,618.7,0.733,5,clock|dynamic|fixed|macro|quotes,False,60
2026-10-01T05:27:37+08:00,46136,27.7,53.0,11,572.9,844.2,600.7,0.626,5,clock|dynamic|fixed|macro|quotes,False,60
2026-10-01T05:28:37+08:00,46136,27.7,53.0,11,571.2,844.0,599.0,0.382,5,clock|dynamic|fixed|macro|quotes,False,60
2026-10-01T05:29:37+08:00,46136,27.7,53.0,11,571.1,843.7,598.8,1.035,5,clock|dynamic|fixed|macro|quotes,False,60
2026-10-01T05:30:37+08:00,46136,27.7,53.0,11,570.9,843.7,598.6,0.413,5,clock|dynamic|fixed|macro|quotes,False,60
2026-10-01T05:31:37+08:00,46136,27.7,53.0,11,571.7,843.7,599.5,0.926,5,clock|dynamic|fixed|macro|quotes,False,60
2026-10-01T05:32:37+08:00,46136,27.7,53.0,11,572.0,844.0,599.7,0.463,5,clock|dynamic|fixed|macro|quotes,False,60
2026-10-01T05:33:37+08:00,46136,27.7,53.0,11,570.3,843.9,598.1,0.585,5,clock|dynamic|fixed|macro|quotes,False,60
2026-10-01T05:34:37+08:00,46136,27.7,53.0,11,571.3,843.9,599.1,0.806,5,clock|dynamic|fixed|macro|quotes,False,60
2026-10-01T05:35:37+08:00,46136,27.7,53.0,11,572.3,844.0,600.1,0.353,5,clock|dynamic|fixed|macro|quotes,False,60
2026-10-01T05:36:37+08:00,46136,27.7,53.0,11,572.5,844.2,600.3,0.990,5,clock|dynamic|fixed|macro|quotes,False,60
2026-10-01T05:37:37+08:00,46136,27.7,53.0,11,572.5,844.1,600.2,0.431,5,clock|dynamic|fixed|macro|quotes,False,60
2026-10-01T05:38:37+08:00,46136,27.7,53.0,11,572.2,844.0,600.0,0.842,5,clock|dynamic|fixed|macro|quotes,False,60
2026-10-01T05:39:37+08:00,46136,27.7,53.0,11,572.8,844.0,600.6,0.537,5,clock|dynamic|fixed|macro|quotes,False,60
2026-10-01T05:40:37+08:00,46136,27.7,53.0,11,571.4,843.9,599.1,0.371,5,clock|dynamic|fixed|macro|quotes,False,60
2026-10-01T05:41:37+08:00,46136,27.7,53.0,11,572.3,844.1,600.0,0.950,5,clock|dynamic|fixed|macro|quotes,False,60
2026-10-01T05:42:37+08:00,46136,27.7,53.0,11,572.3,844.1,600.0,0.381,5,clock|dynamic|fixed|macro|quotes,False,60
2026-10-01T05:43:38+08:00,46136,27.7,53.0,11,575.9,845.2,603.6,0.917,5,clock|dynamic|fixed|macro|quotes,False,60
2026-10-01T05:44:37+08:00,46136,27.7,53.0,11,572.9,843.9,600.6,0.464,5,clock|dynamic|fixed|macro|quotes,False,60
2026-10-01T05:45:37+08:00,46136,27.7,53.0,11,571.8,843.9,599.5,0.661,5,clock|dynamic|fixed|macro|quotes,False,60
2026-10-01T05:46:37+08:00,46136,27.7,53.0,11,572.6,843.9,600.3,0.722,5,clock|dynamic|fixed|macro|quotes,False,60
2026-10-01T05:47:37+08:00,46136,27.7,53.0,11,572.6,844.2,600.4,0.381,5,clock|dynamic|fixed|macro|quotes,False,60
2026-10-01T05:48:37+08:00,46136,27.7,53.0,11,573.1,844.0,600.8,0.988,5,clock|dynamic|fixed|macro|quotes,False,60
2026-10-01T05:49:37+08:00,46136,27.7,53.0,11,573.0,843.9,600.8,0.437,5,clock|dynamic|fixed|macro|quotes,False,60
2026-10-01T05:50:38+08:00,46136,27.7,53.0,11,571.7,844.1,599.4,0.842,5,clock|dynamic|fixed|macro|quotes,False,60
2026-10-01T05:51:37+08:00,46136,27.8,53.0,11,574.2,844.2,602.0,0.508,5,clock|dynamic|fixed|macro|quotes,False,60
2026-10-01T05:52:38+08:00,46136,27.8,53.0,11,572.7,844.2,600.5,0.422,5,clock|dynamic|fixed|macro|quotes,False,60
2026-10-01T05:53:38+08:00,46136,27.7,53.0,11,573.0,843.9,600.8,0.899,5,clock|dynamic|fixed|macro|quotes,False,60
2026-10-01T05:54:38+08:00,46136,27.7,53.0,11,572.3,843.9,600.1,0.413,5,clock|dynamic|fixed|macro|quotes,False,60
2026-10-01T05:55:37+08:00,46136,27.7,53.0,11,582.7,845.7,610.4,0.921,5,clock|dynamic|fixed|macro|quotes,False,60
2026-10-01T05:56:38+08:00,46136,27.7,53.0,11,573.6,844.2,601.3,0.418,5,clock|dynamic|fixed|macro|quotes,False,60
2026-10-01T05:57:38+08:00,46136,27.7,53.0,11,572.4,844.3,600.1,0.643,5,clock|dynamic|fixed|macro|quotes,False,60
2026-10-01T05:58:38+08:00,46136,27.7,53.0,11,572.3,844.3,600.1,0.718,5,clock|dynamic|fixed|macro|quotes,False,60
2026-10-01T05:59:38+08:00,46136,27.7,53.0,11,572.0,844.1,599.7,0.349,5,clock|dynamic|fixed|macro|quotes,False,60
2026-10-01T06:00:38+08:00,46136,27.9,53.2,11,593.1,847.0,621.0,1.022,5,clock|dynamic|fixed|macro|quotes,False,60
2026-10-01T06:01:38+08:00,46136,27.9,53.2,11,574.0,845.1,602.0,0.410,5,clock|dynamic|fixed|macro|quotes,False,60
2026-10-01T06:02:38+08:00,46136,27.9,53.2,11,572.5,845.0,600.4,0.869,5,clock|dynamic|fixed|macro|quotes,False,60
2026-10-01T06:03:38+08:00,46136,27.9,53.2,11,571.8,844.7,599.7,0.495,5,clock|dynamic|fixed|macro|quotes,False,60
2026-10-01T06:04:38+08:00,46136,27.9,53.2,11,571.6,844.5,599.5,0.455,5,clock|dynamic|fixed|macro|quotes,False,60
2026-10-01T06:05:38+08:00,46136,27.9,53.2,11,579.5,845.5,607.4,0.874,5,clock|dynamic|fixed|macro|quotes,False,60
2026-10-01T06:06:38+08:00,46136,27.9,53.2,11,570.8,844.8,598.7,0.430,5,clock|dynamic|fixed|macro|quotes,False,60
2026-10-01T06:07:38+08:00,46136,27.9,53.2,11,571.2,844.8,599.2,0.962,5,clock|dynamic|fixed|macro|quotes,False,60
2026-10-01T06:08:38+08:00,46136,27.9,53.2,11,571.8,844.8,599.7,0.429,5,clock|dynamic|fixed|macro|quotes,False,60
2026-10-01T06:09:38+08:00,46136,27.9,53.2,11,571.7,844.7,599.6,0.662,5,clock|dynamic|fixed|macro|quotes,False,60
2026-10-01T06:10:38+08:00,46136,27.9,53.2,11,576.4,845.1,604.3,0.704,5,clock|dynamic|fixed|macro|quotes,False,60
2026-10-01T06:11:38+08:00,46136,27.9,53.2,11,572.7,844.7,600.7,0.384,5,clock|dynamic|fixed|macro|quotes,False,60
2026-10-01T06:12:38+08:00,46136,27.9,53.2,11,571.6,844.7,599.5,0.986,5,clock|dynamic|fixed|macro|quotes,False,60
2026-10-01T06:13:38+08:00,46136,27.9,53.2,11,569.8,844.7,597.7,0.420,5,clock|dynamic|fixed|macro|quotes,False,60
2026-10-01T06:14:38+08:00,46136,27.9,53.2,11,572.2,844.6,600.1,0.909,5,clock|dynamic|fixed|macro|quotes,False,60
2026-10-01T06:15:38+08:00,46136,27.9,53.2,11,576.5,845.5,604.4,0.458,5,clock|dynamic|fixed|macro|quotes,False,60
2026-10-01T06:16:38+08:00,46136,27.9,53.2,11,572.2,844.7,600.1,0.455,5,clock|dynamic|fixed|macro|quotes,False,60
2026-10-01T06:17:38+08:00,46136,27.9,53.2,11,568.3,844.8,596.2,0.908,5,clock|dynamic|fixed|macro|quotes,False,60
2026-10-01T06:18:38+08:00,46136,27.9,53.2,11,569.8,844.8,597.8,0.393,5,clock|dynamic|fixed|macro|quotes,False,60
2026-10-01T06:19:38+08:00,46136,27.9,53.2,11,571.8,844.8,599.7,0.955,5,clock|dynamic|fixed|macro|quotes,False,60
2026-10-01T06:20:38+08:00,46136,27.9,53.2,11,582.0,846.1,609.9,0.424,5,clock|dynamic|fixed|macro|quotes,False,60
2026-10-01T06:21:38+08:00,46136,27.9,53.2,11,570.9,845.0,598.8,0.705,5,clock|dynamic|fixed|macro|quotes,False,60
2026-10-01T06:22:38+08:00,46136,27.9,53.2,11,571.2,844.9,599.1,0.723,5,clock|dynamic|fixed|macro|quotes,False,60
2026-10-01T06:23:38+08:00,46136,27.9,53.2,11,572.0,845.0,599.9,0.382,5,clock|dynamic|fixed|macro|quotes,False,60
2026-10-01T06:24:38+08:00,46136,27.9,53.2,11,572.0,845.1,600.0,0.943,5,clock|dynamic|fixed|macro|quotes,False,60
2026-10-01T06:25:38+08:00,46136,27.9,53.2,11,568.7,844.9,596.6,0.417,5,clock|dynamic|fixed|macro|quotes,False,60
2026-10-01T06:26:38+08:00,46136,27.9,53.2,11,570.5,844.7,598.4,0.866,5,clock|dynamic|fixed|macro|quotes,False,60
2026-10-01T06:27:38+08:00,46136,27.9,53.2,11,571.4,844.9,599.3,0.516,5,clock|dynamic|fixed|macro|quotes,False,60
2026-10-01T06:28:38+08:00,46136,27.9,53.2,11,568.0,844.6,595.9,0.470,5,clock|dynamic|fixed|macro|quotes,False,60
2026-10-01T06:29:38+08:00,46136,27.9,53.2,11,571.1,844.5,599.1,0.856,5,clock|dynamic|fixed|macro|quotes,False,60
2026-10-01T06:30:38+08:00,46136,27.9,53.2,11,571.8,844.6,599.7,0.358,5,clock|dynamic|fixed|macro|quotes,False,60
2026-10-01T06:31:38+08:00,46136,27.9,53.2,11,571.9,844.6,599.8,0.935,5,clock|dynamic|fixed|macro|quotes,False,60
2026-10-01T06:32:38+08:00,46136,27.9,53.2,11,568.7,844.6,596.6,0.428,5,clock|dynamic|fixed|macro|quotes,False,60
2026-10-01T06:33:38+08:00,46136,27.9,53.2,11,569.2,844.6,597.2,0.695,5,clock|dynamic|fixed|macro|quotes,False,60
2026-10-01T06:34:38+08:00,46136,27.9,53.2,11,571.3,844.6,599.2,0.613,5,clock|dynamic|fixed|macro|quotes,False,60
2026-10-01T06:35:38+08:00,46136,27.9,53.2,11,571.9,844.6,599.8,0.332,5,clock|dynamic|fixed|macro|quotes,False,60
2026-10-01T06:36:38+08:00,46136,27.9,53.2,11,571.9,844.6,599.8,0.994,5,clock|dynamic|fixed|macro|quotes,False,60
2026-10-01T06:37:38+08:00,46136,27.9,53.2,11,570.7,844.6,598.6,0.429,5,clock|dynamic|fixed|macro|quotes,False,60
2026-10-01T06:38:38+08:00,46136,27.9,53.2,11,569.6,844.7,597.6,0.859,5,clock|dynamic|fixed|macro|quotes,False,60
2026-10-01T06:39:38+08:00,46136,27.9,53.2,11,567.9,844.6,595.8,0.498,5,clock|dynamic|fixed|macro|quotes,False,60
2026-10-01T06:40:38+08:00,46136,27.9,53.2,11,568.7,844.8,596.6,0.562,5,clock|dynamic|fixed|macro|quotes,False,60
2026-10-01T06:41:38+08:00,46136,27.9,53.2,11,568.7,844.8,596.6,0.817,5,clock|dynamic|fixed|macro|quotes,False,60
2026-10-01T06:42:38+08:00,46136,27.9,53.2,11,567.2,844.7,595.2,0.380,5,clock|dynamic|fixed|macro|quotes,False,60
2026-10-01T06:43:38+08:00,46136,28.0,53.1,11,569.1,845.3,597.1,1.022,5,clock|dynamic|fixed|macro|quotes,False,60
2026-10-01T06:44:38+08:00,46136,28.0,53.1,11,569.1,845.3,597.1,0.414,5,clock|dynamic|fixed|macro|quotes,False,60
2026-10-01T06:45:38+08:00,46136,27.9,53.1,11,568.5,844.7,596.5,0.727,5,clock|dynamic|fixed|macro|quotes,False,60
2026-10-01T06:46:38+08:00,46136,27.9,53.1,11,568.7,844.9,596.6,0.593,5,clock|dynamic|fixed|macro|quotes,False,60
2026-10-01T06:47:38+08:00,46136,27.9,53.1,11,567.1,844.8,595.0,0.382,5,clock|dynamic|fixed|macro|quotes,False,60
2026-10-01T06:48:38+08:00,46136,27.9,53.1,11,570.0,844.7,598.0,1.009,5,clock|dynamic|fixed|macro|quotes,False,60
2026-10-01T06:49:38+08:00,46136,27.9,53.1,11,568.9,844.9,596.8,0.400,5,clock|dynamic|fixed|macro|quotes,False,60
2026-10-01T06:50:38+08:00,46136,27.9,53.1,11,570.2,845.0,598.1,0.933,5,clock|dynamic|fixed|macro|quotes,False,60
2026-10-01T06:51:38+08:00,46136,27.9,53.1,11,570.4,845.3,598.3,0.474,5,clock|dynamic|fixed|macro|quotes,False,60
2026-10-01T06:52:38+08:00,46136,27.9,53.1,11,568.8,845.2,596.7,0.581,5,clock|dynamic|fixed|macro|quotes,False,60
2026-10-01T06:53:38+08:00,46136,27.9,53.1,11,570.8,845.1,598.7,0.744,5,clock|dynamic|fixed|macro|quotes,False,60
2026-10-01T06:54:38+08:00,46136,27.9,53.1,11,569.3,844.9,597.2,0.370,5,clock|dynamic|fixed|macro|quotes,False,60
2026-10-01T06:55:38+08:00,46136,27.9,53.1,11,569.8,844.8,597.7,1.022,5,clock|dynamic|fixed|macro|quotes,False,60
2026-10-01T06:56:38+08:00,46136,27.9,53.1,11,573.1,848.2,601.0,0.442,5,clock|dynamic|fixed|macro|quotes,False,60
2026-10-01T06:57:38+08:00,46136,27.9,53.1,11,573.7,845.1,601.6,0.775,5,clock|dynamic|fixed|macro|quotes,False,60
2026-10-01T06:58:38+08:00,46136,27.9,53.1,11,571.1,845.2,599.0,0.548,5,clock|dynamic|fixed|macro|quotes,False,60
2026-10-01T06:59:38+08:00,46136,27.9,53.1,11,569.5,844.9,597.5,0.396,5,clock|dynamic|fixed|macro|quotes,False,60
2026-10-01T07:00:38+08:00,46136,27.9,53.1,11,569.8,844.9,597.7,0.898,5,clock|dynamic|fixed|macro|quotes,False,60
2026-10-01T07:01:38+08:00,46136,27.9,53.1,11,569.8,844.9,597.8,0.393,5,clock|dynamic|fixed|macro|quotes,False,60
2026-10-01T07:02:38+08:00,46136,27.9,53.1,11,575.8,845.5,603.7,0.966,5,clock|dynamic|fixed|macro|quotes,False,60
2026-10-01T07:03:38+08:00,46136,27.9,53.1,11,570.2,844.8,598.1,0.417,5,clock|dynamic|fixed|macro|quotes,False,60
2026-10-01T07:04:38+08:00,46136,27.9,53.1,11,568.8,844.9,596.7,0.603,5,clock|dynamic|fixed|macro|quotes,False,60
2026-10-01T07:05:38+08:00,46136,27.9,53.1,11,569.5,844.9,597.4,0.687,5,clock|dynamic|fixed|macro|quotes,False,60
2026-10-01T07:06:38+08:00,46136,27.9,53.1,11,568.8,844.9,596.8,0.380,5,clock|dynamic|fixed|macro|quotes,False,60
2026-10-01T07:07:38+08:00,46136,27.9,53.1,11,579.9,845.4,607.8,1.017,5,clock|dynamic|fixed|macro|quotes,False,60
2026-10-01T07:08:38+08:00,46136,27.9,53.1,11,569.5,845.1,597.4,0.402,5,clock|dynamic|fixed|macro|quotes,False,60
2026-10-01T07:09:38+08:00,46136,27.9,53.1,11,568.2,845.1,596.2,0.849,5,clock|dynamic|fixed|macro|quotes,False,60
2026-10-01T07:10:38+08:00,46136,27.9,53.1,11,569.2,845.4,597.1,0.515,5,clock|dynamic|fixed|macro|quotes,False,60
2026-10-01T07:11:38+08:00,46136,27.9,53.1,11,569.2,845.2,597.1,0.462,5,clock|dynamic|fixed|macro|quotes,False,60
2026-10-01T07:12:38+08:00,46136,27.9,53.1,11,578.7,847.5,606.6,0.895,5,clock|dynamic|fixed|macro|quotes,False,60
2026-10-01T07:13:38+08:00,46136,27.9,53.1,11,569.5,845.2,597.4,0.374,5,clock|dynamic|fixed|macro|quotes,False,60
2026-10-01T07:14:38+08:00,46136,27.9,53.1,11,568.1,845.1,596.0,0.925,5,clock|dynamic|fixed|macro|quotes,False,60
2026-10-01T07:15:38+08:00,46136,27.9,53.1,11,569.7,844.8,597.6,0.431,5,clock|dynamic|fixed|macro|quotes,False,60
2026-10-01T07:16:38+08:00,46136,27.9,53.1,11,568.4,844.8,596.3,0.678,5,clock|dynamic|fixed|macro|quotes,False,60
2026-10-01T07:17:38+08:00,46136,27.9,53.1,11,577.5,846.0,605.4,0.703,5,clock|dynamic|fixed|macro|quotes,False,60
2026-10-01T07:18:38+08:00,46136,27.9,53.1,11,570.5,844.9,598.4,0.342,5,clock|dynamic|fixed|macro|quotes,False,60
2026-10-01T07:19:38+08:00,46136,27.9,53.1,11,569.6,844.9,597.5,1.002,5,clock|dynamic|fixed|macro|quotes,False,60
2026-10-01T07:20:38+08:00,46136,27.9,53.1,11,571.4,848.1,599.3,0.418,5,clock|dynamic|fixed|macro|quotes,False,60
2026-10-01T07:21:38+08:00,46136,27.9,53.1,11,571.0,845.9,598.9,0.911,5,clock|dynamic|fixed|macro|quotes,False,60
2026-10-01T07:22:38+08:00,46136,27.9,53.1,11,569.5,845.6,597.4,0.502,5,clock|dynamic|fixed|macro|quotes,False,60
2026-10-01T07:23:38+08:00,46136,27.9,53.1,11,569.7,845.8,597.6,0.496,5,clock|dynamic|fixed|macro|quotes,False,60
2026-10-01T07:24:39+08:00,46136,27.9,53.1,11,569.7,845.5,597.6,0.859,5,clock|dynamic|fixed|macro|quotes,False,60
2026-10-01T07:25:38+08:00,46136,27.9,53.1,11,568.7,845.7,596.6,0.367,5,clock|dynamic|fixed|macro|quotes,False,60
2026-10-01T07:26:38+08:00,46136,27.9,53.1,11,568.4,845.3,596.3,0.973,5,clock|dynamic|fixed|macro|quotes,False,60
2026-10-01T07:27:38+08:00,46136,27.9,53.1,11,569.4,845.2,597.3,0.408,5,clock|dynamic|fixed|macro|quotes,False,60
2026-10-01T07:28:39+08:00,46136,27.9,53.1,11,569.4,845.3,597.3,0.759,5,clock|dynamic|fixed|macro|quotes,False,60
2026-10-01T07:29:39+08:00,46136,27.9,53.1,11,567.7,845.2,595.6,0.589,5,clock|dynamic|fixed|macro|quotes,False,60
2026-10-01T07:30:38+08:00,46136,27.9,53.1,11,568.7,845.4,596.6,0.356,5,clock|dynamic|fixed|macro|quotes,False,60
2026-10-01T07:31:39+08:00,46136,27.9,53.1,11,569.3,845.5,597.2,0.947,5,clock|dynamic|fixed|macro|quotes,False,60
2026-10-01T07:32:39+08:00,46136,27.9,53.1,11,569.5,845.4,597.4,0.395,5,clock|dynamic|fixed|macro|quotes,False,60
2026-10-01T07:33:39+08:00,46136,27.9,53.1,11,569.5,845.6,597.4,0.931,5,clock|dynamic|fixed|macro|quotes,False,60
2026-10-01T07:34:39+08:00,46136,27.9,53.1,11,567.3,845.4,595.3,0.433,5,clock|dynamic|fixed|macro|quotes,False,60
2026-10-01T07:35:39+08:00,46136,27.9,53.1,11,568.3,845.2,596.2,0.591,5,clock|dynamic|fixed|macro|quotes,False,60
2026-10-01T07:36:39+08:00,46136,27.9,53.1,11,568.7,845.4,596.7,0.780,5,clock|dynamic|fixed|macro|quotes,False,60
2026-10-01T07:37:39+08:00,46136,27.9,53.1,11,568.9,845.2,596.8,0.340,5,clock|dynamic|fixed|macro|quotes,False,60
2026-10-01T07:38:39+08:00,46136,27.9,53.1,11,569.1,845.3,597.0,0.971,5,clock|dynamic|fixed|macro|quotes,False,60
2026-10-01T07:39:39+08:00,46136,27.9,53.1,11,567.5,845.3,595.4,0.410,5,clock|dynamic|fixed|macro|quotes,False,60
2026-10-01T07:40:39+08:00,46136,27.9,53.1,11,568.6,845.4,596.5,0.827,5,clock|dynamic|fixed|macro|quotes,False,60
2026-10-01T07:41:39+08:00,46136,27.9,53.1,11,568.5,845.4,596.4,0.556,5,clock|dynamic|fixed|macro|quotes,False,60
2026-10-01T07:42:39+08:00,46136,27.9,53.1,11,569.2,845.5,597.1,0.367,5,clock|dynamic|fixed|macro|quotes,False,60
2026-10-01T07:43:39+08:00,46136,27.9,53.1,11,569.2,845.8,597.2,0.951,5,clock|dynamic|fixed|macro|quotes,False,60
2026-10-01T07:44:39+08:00,46136,27.9,53.1,11,568.2,845.6,596.1,0.398,5,clock|dynamic|fixed|macro|quotes,False,60
2026-10-01T07:45:39+08:00,46136,27.9,53.1,11,570.9,845.8,598.8,0.906,5,clock|dynamic|fixed|macro|quotes,False,60
2026-10-01T07:46:39+08:00,46136,27.9,53.1,11,569.0,845.5,596.9,0.423,5,clock|dynamic|fixed|macro|quotes,False,60
2026-10-01T07:47:39+08:00,46136,27.9,53.1,11,569.7,845.7,597.6,0.675,5,clock|dynamic|fixed|macro|quotes,False,60
2026-10-01T07:48:39+08:00,46136,27.9,53.1,11,569.7,845.6,597.6,0.748,5,clock|dynamic|fixed|macro|quotes,False,60
2026-10-01T07:49:39+08:00,46136,27.9,53.1,11,568.6,845.7,596.5,0.352,5,clock|dynamic|fixed|macro|quotes,False,60
2026-10-01T07:50:39+08:00,46136,27.9,53.1,11,570.6,845.6,598.5,0.991,5,clock|dynamic|fixed|macro|quotes,False,60
2026-10-01T07:51:39+08:00,46136,27.9,53.1,11,569.1,845.9,597.0,0.395,5,clock|dynamic|fixed|macro|quotes,False,60
2026-10-01T07:52:39+08:00,46136,27.9,53.1,11,569.8,845.8,597.7,0.853,5,clock|dynamic|fixed|macro|quotes,False,60
2026-10-01T07:53:39+08:00,46136,27.9,53.1,11,568.6,845.9,596.5,0.516,5,clock|dynamic|fixed|macro|quotes,False,60
2026-10-01T07:54:39+08:00,46136,27.9,53.1,11,566.9,846.0,594.9,0.423,5,clock|dynamic|fixed|macro|quotes,False,60
2026-10-01T07:55:39+08:00,46136,27.9,53.1,11,569.1,846.1,597.1,0.949,5,clock|dynamic|fixed|macro|quotes,False,60
2026-10-01T07:56:39+08:00,46136,27.9,53.1,11,567.7,845.9,595.6,0.404,5,clock|dynamic|fixed|macro|quotes,False,60
2026-10-01T07:57:39+08:00,46136,27.9,53.1,11,568.4,846.0,596.3,0.997,5,clock|dynamic|fixed|macro|quotes,False,60
2026-10-01T07:58:39+08:00,46136,27.9,53.1,11,568.5,845.8,596.4,0.428,5,clock|dynamic|fixed|macro|quotes,False,60
2026-10-01T07:59:39+08:00,46136,27.9,53.1,11,576.0,846.5,604.0,0.691,5,clock|dynamic|fixed|macro|quotes,False,60
2026-10-01T08:00:39+08:00,46136,27.9,53.1,11,569.2,846.1,597.1,0.669,5,clock|dynamic|fixed|macro|quotes,False,60
2026-10-01T08:01:39+08:00,46136,27.9,53.1,11,569.6,846.0,597.5,0.338,5,clock|dynamic|fixed|macro|quotes,False,60
2026-10-01T08:02:39+08:00,46136,27.9,53.1,11,568.2,845.9,596.1,1.011,5,clock|dynamic|fixed|macro|quotes,False,60
2026-10-01T08:03:39+08:00,46136,27.9,53.1,11,568.8,846.0,596.7,0.401,5,clock|dynamic|fixed|macro|quotes,False,60
2026-10-01T08:04:39+08:00,46136,27.9,53.1,11,577.2,846.8,605.1,0.832,5,clock|dynamic|fixed|macro|quotes,False,60
2026-10-01T08:05:39+08:00,46136,27.9,53.1,11,569.4,846.1,597.3,0.457,5,clock|dynamic|fixed|macro|quotes,False,60
2026-10-01T08:06:39+08:00,46136,27.9,53.1,11,568.2,846.4,596.1,0.501,5,clock|dynamic|fixed|macro|quotes,False,60
2026-10-01T08:07:39+08:00,46136,27.9,53.1,11,568.6,846.1,596.5,0.861,5,clock|dynamic|fixed|macro|quotes,False,60
2026-10-01T08:08:39+08:00,46136,27.9,53.1,11,568.7,845.9,596.6,0.406,5,clock|dynamic|fixed|macro|quotes,False,60
2026-10-01T08:09:39+08:00,46136,27.9,53.1,11,577.0,847.2,604.9,0.967,5,clock|dynamic|fixed|macro|quotes,False,60
2026-10-01T08:10:39+08:00,46136,27.9,53.1,11,575.2,846.3,603.2,0.431,5,clock|dynamic|fixed|macro|quotes,False,60
2026-10-01T08:11:39+08:00,46136,27.9,53.1,11,567.8,846.1,595.7,0.792,5,clock|dynamic|fixed|macro|quotes,False,60
2026-10-01T08:12:39+08:00,46136,27.9,53.1,11,569.8,846.1,597.7,0.616,5,clock|dynamic|fixed|macro|quotes,False,60
2026-10-01T08:13:39+08:00,46136,27.9,53.1,11,568.9,846.1,596.8,0.391,5,clock|dynamic|fixed|macro|quotes,False,60
2026-10-01T08:14:39+08:00,46136,27.9,53.1,11,577.8,847.7,605.7,1.017,5,clock|dynamic|fixed|macro|quotes,False,60
2026-10-01T08:15:39+08:00,46136,27.9,53.1,11,570.5,846.1,598.5,0.402,5,clock|dynamic|fixed|macro|quotes,False,60
2026-10-01T08:16:39+08:00,46136,27.9,53.1,11,568.2,846.2,596.1,0.903,5,clock|dynamic|fixed|macro|quotes,False,60
2026-10-01T08:17:39+08:00,46136,27.9,53.1,11,568.6,846.1,596.5,0.449,5,clock|dynamic|fixed|macro|quotes,False,60
2026-10-01T08:18:39+08:00,46136,27.9,53.1,11,570.0,846.1,597.9,0.597,5,clock|dynamic|fixed|macro|quotes,False,60
2026-10-01T08:19:39+08:00,46136,27.9,53.1,11,578.5,847.4,606.4,0.759,5,clock|dynamic|fixed|macro|quotes,False,60
2026-10-01T08:20:39+08:00,46136,27.9,53.1,11,570.5,846.2,598.4,0.365,5,clock|dynamic|fixed|macro|quotes,False,60
2026-10-01T08:21:39+08:00,46136,27.9,53.1,11,570.4,846.6,598.4,0.960,5,clock|dynamic|fixed|macro|quotes,False,60
2026-10-01T08:22:39+08:00,46136,27.9,53.1,11,569.5,847.1,597.4,0.432,5,clock|dynamic|fixed|macro|quotes,False,60
2026-10-01T08:23:39+08:00,46136,27.9,53.1,11,569.9,847.1,597.8,0.784,5,clock|dynamic|fixed|macro|quotes,False,60
2026-10-01T08:24:39+08:00,46136,27.9,53.1,11,569.8,846.8,597.7,0.557,5,clock|dynamic|fixed|macro|quotes,False,60
2026-10-01T08:25:39+08:00,46136,27.9,53.1,11,569.7,846.7,597.7,0.376,5,clock|dynamic|fixed|macro|quotes,False,60
2026-10-01T08:26:39+08:00,46136,27.9,53.1,11,569.1,847.0,597.0,0.971,5,clock|dynamic|fixed|macro|quotes,False,60
2026-10-01T08:27:39+08:00,46136,27.9,53.1,11,569.1,847.1,597.1,0.399,5,clock|dynamic|fixed|macro|quotes,False,60
2026-10-01T08:28:39+08:00,46136,27.9,53.1,11,567.4,846.8,595.3,0.916,5,clock|dynamic|fixed|macro|quotes,False,60
2026-10-01T08:29:39+08:00,46136,27.9,53.1,11,568.3,846.8,596.2,0.434,5,clock|dynamic|fixed|macro|quotes,False,60
2026-10-01T08:30:39+08:00,46136,27.9,53.1,11,568.4,846.9,596.3,0.669,5,clock|dynamic|fixed|macro|quotes,False,60
2026-10-01T08:31:39+08:00,46136,27.9,53.1,11,566.9,846.9,594.8,0.704,5,clock|dynamic|fixed|macro|quotes,False,60
2026-10-01T08:32:39+08:00,46136,27.9,53.1,11,568.0,846.9,595.9,0.366,5,clock|dynamic|fixed|macro|quotes,False,60
2026-10-01T08:33:39+08:00,46136,27.9,53.1,11,567.7,846.8,595.6,1.022,5,clock|dynamic|fixed|macro|quotes,False,60
2026-10-01T08:34:39+08:00,46136,27.9,53.1,11,568.3,846.9,596.2,0.410,5,clock|dynamic|fixed|macro|quotes,False,60
2026-10-01T08:35:39+08:00,46136,27.9,53.1,11,568.5,847.0,596.5,0.775,5,clock|dynamic|fixed|macro|quotes,False,60
2026-10-01T08:36:39+08:00,46136,27.9,53.1,11,567.6,847.1,595.5,0.510,5,clock|dynamic|fixed|macro|quotes,False,60
2026-10-01T08:37:39+08:00,46136,27.9,53.1,11,567.6,847.0,595.6,0.472,5,clock|dynamic|fixed|macro|quotes,False,60
2026-10-01T08:38:39+08:00,46136,27.9,53.1,11,568.1,847.0,596.0,0.919,5,clock|dynamic|fixed|macro|quotes,False,60
2026-10-01T08:39:39+08:00,46136,27.9,53.1,11,568.7,847.0,596.7,0.367,5,clock|dynamic|fixed|macro|quotes,False,60
2026-10-01T08:40:39+08:00,46136,27.9,53.1,11,568.6,847.0,596.5,0.962,5,clock|dynamic|fixed|macro|quotes,False,60
2026-10-01T08:41:39+08:00,46136,27.9,53.1,11,567.2,847.0,595.1,0.457,5,clock|dynamic|fixed|macro|quotes,False,60
2026-10-01T08:42:39+08:00,46136,27.9,53.1,11,568.5,847.0,596.4,0.695,5,clock|dynamic|fixed|macro|quotes,False,60
2026-10-01T08:43:39+08:00,46136,27.9,53.1,11,567.6,846.9,595.5,0.631,5,clock|dynamic|fixed|macro|quotes,False,60
2026-10-01T08:44:39+08:00,46136,27.9,53.1,11,568.6,847.0,596.6,0.341,5,clock|dynamic|fixed|macro|quotes,False,60
2026-10-01T08:45:39+08:00,46136,27.9,53.1,11,568.4,847.0,596.3,1.009,5,clock|dynamic|fixed|macro|quotes,False,60
2026-10-01T08:46:39+08:00,46136,27.9,53.1,11,568.0,847.4,595.9,0.391,5,clock|dynamic|fixed|macro|quotes,False,60
2026-10-01T08:47:39+08:00,46136,27.9,53.1,11,570.0,847.2,598.0,0.819,5,clock|dynamic|fixed|macro|quotes,False,60
2026-10-01T08:48:39+08:00,46136,27.9,53.1,11,568.7,847.2,596.6,0.464,5,clock|dynamic|fixed|macro|quotes,False,60
2026-10-01T08:49:39+08:00,46136,27.9,53.1,11,569.7,847.3,597.7,0.575,5,clock|dynamic|fixed|macro|quotes,False,60
2026-10-01T08:50:39+08:00,46136,27.9,53.1,11,569.3,847.0,597.2,0.767,5,clock|dynamic|fixed|macro|quotes,False,60
2026-10-01T08:51:39+08:00,46136,27.9,53.1,11,567.9,847.3,595.8,0.337,5,clock|dynamic|fixed|macro|quotes,False,60
2026-10-01T08:52:39+08:00,46136,27.9,53.1,11,569.9,847.1,597.8,0.976,5,clock|dynamic|fixed|macro|quotes,False,60
2026-10-01T08:53:40+08:00,46136,27.9,53.1,11,568.5,847.1,596.4,0.405,5,clock|dynamic|fixed|macro|quotes,False,60
2026-10-01T08:54:39+08:00,46136,27.9,53.1,11,570.5,847.3,598.5,0.826,5,clock|dynamic|fixed|macro|quotes,False,60
2026-10-01T08:55:39+08:00,46136,27.9,53.1,11,570.5,847.3,598.4,0.497,5,clock|dynamic|fixed|macro|quotes,False,60
2026-10-01T08:56:39+08:00,46136,27.9,53.1,11,577.0,847.8,604.9,0.418,5,clock|dynamic|fixed|macro|quotes,False,60
2026-10-01T08:57:40+08:00,46136,27.9,53.1,11,571.4,847.2,599.3,0.936,5,clock|dynamic|fixed|macro|quotes,False,60
2026-10-01T08:58:39+08:00,46136,27.9,53.1,11,570.3,847.3,598.2,0.377,5,clock|dynamic|fixed|macro|quotes,False,60
2026-10-01T08:59:40+08:00,46136,27.9,53.1,11,570.9,847.3,598.8,0.915,5,clock|dynamic|fixed|macro|quotes,False,60
2026-10-01T09:00:40+08:00,46136,27.9,53.1,11,570.7,847.2,598.6,0.421,5,clock|dynamic|fixed|macro|quotes,False,60
2026-10-01T09:01:40+08:00,46136,27.9,53.1,11,577.9,847.8,605.9,0.636,5,clock|dynamic|fixed|macro|quotes,False,60
2026-10-01T09:02:40+08:00,46136,27.9,53.1,11,571.1,847.3,599.0,0.725,5,clock|dynamic|fixed|macro|quotes,False,60
2026-10-01T09:03:40+08:00,46136,27.9,53.1,11,569.5,847.4,597.4,0.368,5,clock|dynamic|fixed|macro|quotes,False,60
2026-10-01T09:04:40+08:00,46136,27.9,53.1,11,570.3,847.8,598.2,1.010,5,clock|dynamic|fixed|macro|quotes,False,60
2026-10-01T09:05:40+08:00,46136,27.9,53.1,11,570.5,847.6,598.5,0.423,5,clock|dynamic|fixed|macro|quotes,False,60
2026-10-01T09:06:39+08:00,46136,27.9,53.1,11,579.6,849.3,607.5,0.862,5,clock|dynamic|fixed|macro|quotes,False,60
2026-10-01T09:07:40+08:00,46136,27.9,53.1,11,571.4,847.6,599.4,0.553,5,clock|dynamic|fixed|macro|quotes,False,60
2026-10-01T09:08:40+08:00,46136,27.9,53.1,11,570.2,847.7,598.1,0.398,5,clock|dynamic|fixed|macro|quotes,False,60
2026-10-01T09:09:40+08:00,46136,27.9,53.1,11,572.1,847.7,600.0,0.886,5,clock|dynamic|fixed|macro|quotes,False,60
2026-10-01T09:10:40+08:00,46136,27.9,53.1,11,570.8,847.7,598.8,0.408,5,clock|dynamic|fixed|macro|quotes,False,60
2026-10-01T09:11:40+08:00,46136,27.9,53.1,11,579.3,849.0,607.3,0.946,5,clock|dynamic|fixed|macro|quotes,False,60
2026-10-01T09:12:40+08:00,46136,27.9,53.1,11,570.1,847.7,598.1,0.408,5,clock|dynamic|fixed|macro|quotes,False,60
2026-10-01T09:13:40+08:00,46136,27.9,53.1,11,569.1,847.7,597.0,0.682,5,clock|dynamic|fixed|macro|quotes,False,60
2026-10-01T09:14:40+08:00,46136,27.9,53.1,11,572.9,850.7,600.8,0.612,5,clock|dynamic|fixed|macro|quotes,False,60
2026-10-01T09:15:40+08:00,46136,27.9,53.1,11,570.0,848.0,597.9,0.354,5,clock|dynamic|fixed|macro|quotes,False,60
2026-10-01T09:16:40+08:00,46136,27.9,53.1,11,582.3,852.8,610.2,1.032,5,clock|dynamic|fixed|macro|quotes,False,60
2026-10-01T09:17:40+08:00,46136,27.9,53.1,11,571.2,848.2,599.1,0.399,5,clock|dynamic|fixed|macro|quotes,False,60
2026-10-01T09:18:40+08:00,46136,27.9,53.1,11,571.2,848.2,599.1,0.868,5,clock|dynamic|fixed|macro|quotes,False,60
2026-10-01T09:19:40+08:00,46136,27.9,53.1,11,569.9,848.4,597.8,0.489,5,clock|dynamic|fixed|macro|quotes,False,60
2026-10-01T09:20:40+08:00,46136,27.9,53.1,11,568.9,848.2,596.9,0.493,5,clock|dynamic|fixed|macro|quotes,False,60
2026-10-01T09:21:40+08:00,46136,27.9,53.1,11,569.8,848.6,597.7,0.859,5,clock|dynamic|fixed|macro|quotes,False,60
2026-10-01T09:22:40+08:00,46136,27.9,53.1,11,569.1,848.1,597.0,0.357,5,clock|dynamic|fixed|macro|quotes,False,60
2026-10-01T09:23:40+08:00,46136,27.9,53.1,11,568.5,848.1,596.4,0.973,5,clock|dynamic|fixed|macro|quotes,False,60
2026-10-01T09:24:40+08:00,46136,27.9,53.1,11,567.9,847.8,595.8,0.418,5,clock|dynamic|fixed|macro|quotes,False,60
2026-10-01T09:25:40+08:00,46136,27.9,53.1,11,568.0,847.9,595.9,0.773,5,clock|dynamic|fixed|macro|quotes,False,60
2026-10-01T09:26:40+08:00,46136,27.9,53.1,11,568.7,847.8,596.6,0.572,5,clock|dynamic|fixed|macro|quotes,False,60
2026-10-01T09:27:40+08:00,46136,27.9,53.1,11,568.7,847.9,596.6,0.370,5,clock|dynamic|fixed|macro|quotes,False,60
2026-10-01T09:28:40+08:00,46136,27.9,53.1,11,567.4,847.9,595.3,1.041,5,clock|dynamic|fixed|macro|quotes,False,60
2026-10-01T09:29:40+08:00,46136,27.9,53.1,11,568.3,847.8,596.2,0.424,5,clock|dynamic|fixed|macro|quotes,False,60
2026-10-01T09:30:40+08:00,46136,27.9,53.1,11,568.6,848.1,596.5,0.914,5,clock|dynamic|fixed|macro|quotes,False,60
2026-10-01T09:31:40+08:00,46136,27.9,53.1,11,569.0,848.0,596.9,0.442,5,clock|dynamic|fixed|macro|quotes,False,60
2026-10-01T09:32:40+08:00,46136,27.9,53.1,11,569.0,847.8,597.0,0.604,5,clock|dynamic|fixed|macro|quotes,False,60
2026-10-01T09:33:40+08:00,46136,27.9,53.1,11,567.6,847.7,595.5,0.938,5,clock|dynamic|fixed|macro|quotes,False,60
2026-10-01T09:34:40+08:00,46136,27.9,53.1,11,568.2,847.8,596.1,0.471,5,clock|dynamic|fixed|macro|quotes,False,60
2026-10-01T09:35:40+08:00,46136,27.9,53.1,11,568.1,847.9,596.0,1.115,5,clock|dynamic|fixed|macro|quotes,False,60
2026-10-01T09:36:40+08:00,46136,27.9,53.1,11,568.8,847.8,596.7,0.414,5,clock|dynamic|fixed|macro|quotes,False,60
2026-10-01T09:37:40+08:00,46136,27.9,53.1,11,570.3,847.4,598.2,0.883,5,clock|dynamic|fixed|macro|quotes,False,60
2026-10-01T09:38:40+08:00,46136,27.9,53.1,11,568.5,847.3,596.4,0.555,5,clock|dynamic|fixed|macro|quotes,False,60
2026-10-01T09:39:40+08:00,46136,27.9,53.1,11,569.4,847.5,597.3,0.451,5,clock|dynamic|fixed|macro|quotes,False,60
2026-10-01T09:40:40+08:00,46136,27.9,53.1,11,569.8,847.6,597.7,1.140,5,clock|dynamic|fixed|macro|quotes,False,60
2026-10-01T09:41:40+08:00,46136,27.9,53.1,11,570.5,847.6,598.4,0.433,5,clock|dynamic|fixed|macro|quotes,False,60
2026-10-01T09:42:40+08:00,46136,27.9,53.1,11,570.9,847.5,598.8,1.120,5,clock|dynamic|fixed|macro|quotes,False,60
2026-10-01T09:43:40+08:00,46136,27.9,53.1,11,568.9,847.3,596.8,0.457,5,clock|dynamic|fixed|macro|quotes,False,60
2026-10-01T09:44:40+08:00,46136,27.9,53.1,11,570.3,847.4,598.2,0.629,5,clock|dynamic|fixed|macro|quotes,False,60
2026-10-01T09:45:40+08:00,46136,27.9,53.1,11,569.4,847.3,597.4,0.856,5,clock|dynamic|fixed|macro|quotes,False,60
2026-10-01T09:46:40+08:00,46136,27.9,53.1,11,570.2,847.3,598.1,0.398,5,clock|dynamic|fixed|macro|quotes,False,60
2026-10-01T09:47:40+08:00,46136,27.9,53.1,11,570.2,847.4,598.1,1.049,5,clock|dynamic|fixed|macro|quotes,False,60
2026-10-01T09:48:40+08:00,46136,27.9,53.1,11,569.2,847.5,597.1,0.476,5,clock|dynamic|fixed|macro|quotes,False,60
2026-10-01T09:49:40+08:00,46136,27.9,53.1,11,570.9,847.3,598.8,0.780,5,clock|dynamic|fixed|macro|quotes,False,60
2026-10-01T09:50:41+08:00,46136,27.9,53.1,11,569.8,847.4,597.7,0.718,5,clock|dynamic|fixed|macro|quotes,False,60
2026-10-01T09:51:40+08:00,46136,27.9,53.1,11,570.8,847.6,598.7,0.388,5,clock|dynamic|fixed|macro|quotes,False,60
2026-10-01T09:52:40+08:00,46136,27.9,53.1,11,570.8,847.9,598.7,1.019,5,clock|dynamic|fixed|macro|quotes,False,60
2026-10-01T09:53:40+08:00,46136,27.9,53.1,11,570.5,849.0,598.5,0.445,5,clock|dynamic|fixed|macro|quotes,False,60
2026-10-01T09:54:40+08:00,46136,27.9,53.1,11,571.3,847.5,599.2,0.877,5,clock|dynamic|fixed|macro|quotes,False,60
2026-10-01T09:55:40+08:00,46136,27.9,53.1,11,569.4,847.3,597.3,0.508,5,clock|dynamic|fixed|macro|quotes,False,60
2026-10-01T09:56:40+08:00,46136,27.9,53.1,11,570.2,847.3,598.1,0.461,5,clock|dynamic|fixed|macro|quotes,False,60
2026-10-01T09:57:40+08:00,46136,27.9,53.1,11,569.9,847.1,597.8,1.178,5,clock|dynamic|fixed|macro|quotes,False,60
2026-10-01T09:58:40+08:00,46136,27.9,53.1,11,577.6,847.9,605.6,0.434,5,clock|dynamic|fixed|macro|quotes,False,60
2026-10-01T09:59:40+08:00,46136,27.9,53.1,11,571.0,847.3,598.9,0.909,5,clock|dynamic|fixed|macro|quotes,False,60
2026-10-01T10:00:40+08:00,46136,27.9,53.1,11,569.5,847.2,597.5,0.398,5,clock|dynamic|fixed|macro|quotes,False,60
2026-10-01T10:01:40+08:00,46136,27.9,53.1,11,570.6,847.2,598.5,0.692,5,clock|dynamic|fixed|macro|quotes,False,60
2026-10-01T10:02:40+08:00,46136,27.9,53.1,11,570.4,847.0,598.3,0.769,5,clock|dynamic|fixed|macro|quotes,False,60
2026-10-01T10:03:40+08:00,46136,27.9,53.1,11,579.4,849.1,607.3,0.399,5,clock|dynamic|fixed|macro|quotes,False,60
2026-10-01T10:04:40+08:00,46136,27.9,53.1,11,571.1,847.5,599.0,1.010,5,clock|dynamic|fixed|macro|quotes,False,60
2026-10-01T10:05:40+08:00,46136,27.9,53.1,11,569.7,847.4,597.6,0.453,5,clock|dynamic|fixed|macro|quotes,False,60
2026-10-01T10:06:40+08:00,46136,27.9,53.1,11,568.7,847.4,596.6,0.841,5,clock|dynamic|fixed|macro|quotes,False,60
2026-10-01T10:07:40+08:00,46136,27.9,53.1,11,568.7,847.5,596.6,0.547,5,clock|dynamic|fixed|macro|quotes,False,60
2026-10-01T10:08:40+08:00,46136,27.9,53.1,11,578.0,848.9,605.9,0.436,5,clock|dynamic|fixed|macro|quotes,False,60
2026-10-01T10:09:40+08:00,46136,27.9,53.1,11,569.6,847.1,597.6,0.943,5,clock|dynamic|fixed|macro|quotes,False,60
2026-10-01T10:10:40+08:00,46136,27.9,53.1,11,568.4,847.1,596.3,0.412,5,clock|dynamic|fixed|macro|quotes,False,60
2026-10-01T10:11:40+08:00,46136,27.9,53.1,11,569.1,847.3,597.0,1.021,5,clock|dynamic|fixed|macro|quotes,False,60
2026-10-01T10:12:41+08:00,46136,27.9,53.1,11,569.2,847.4,597.1,0.483,5,clock|dynamic|fixed|macro|quotes,False,60
2026-10-01T10:13:40+08:00,46136,27.9,53.1,11,577.5,848.0,605.4,0.812,5,clock|dynamic|fixed|macro|quotes,False,60
2026-10-01T10:14:40+08:00,46136,27.9,53.1,11,569.8,847.5,597.7,0.834,5,clock|dynamic|fixed|macro|quotes,False,60
2026-10-01T10:15:41+08:00,46136,27.9,53.1,11,568.5,847.4,596.4,0.411,5,clock|dynamic|fixed|macro|quotes,False,60
2026-10-01T10:16:41+08:00,46136,27.9,53.1,11,568.7,847.2,596.6,1.099,5,clock|dynamic|fixed|macro|quotes,False,60
2026-10-01T10:17:40+08:00,46136,27.9,53.1,11,569.2,847.3,597.1,0.446,5,clock|dynamic|fixed|macro|quotes,False,60
2026-10-01T10:18:40+08:00,46136,27.9,53.1,11,577.9,848.3,605.9,1.042,5,clock|dynamic|fixed|macro|quotes,False,60
2026-10-01T10:19:41+08:00,46136,27.9,53.1,11,569.9,847.5,597.8,0.504,5,clock|dynamic|fixed|macro|quotes,False,60
2026-10-01T10:20:41+08:00,46136,27.9,53.1,11,568.5,847.5,596.4,0.661,5,clock|dynamic|fixed|macro|quotes,False,60
2026-10-01T10:21:41+08:00,46136,27.9,53.1,11,568.7,847.8,596.6,0.950,5,clock|dynamic|fixed|macro|quotes,False,60
2026-10-01T10:22:40+08:00,46136,27.9,53.1,11,569.6,847.6,597.5,0.431,5,clock|dynamic|fixed|macro|quotes,False,60
2026-10-01T10:23:41+08:00,46136,27.9,53.1,11,569.6,847.8,597.5,1.060,5,clock|dynamic|fixed|macro|quotes,False,60
2026-10-01T10:24:41+08:00,46136,27.9,53.1,11,569.6,848.0,597.5,0.465,5,clock|dynamic|fixed|macro|quotes,False,60
2026-10-01T10:25:40+08:00,46136,27.9,53.1,11,568.7,848.1,596.7,0.794,5,clock|dynamic|fixed|macro|quotes,False,60
2026-10-01T10:26:41+08:00,46136,27.9,53.1,11,568.9,847.7,596.8,0.650,5,clock|dynamic|fixed|macro|quotes,False,60
2026-10-01T10:27:40+08:00,46136,27.9,53.1,11,568.7,847.8,596.6,0.414,5,clock|dynamic|fixed|macro|quotes,False,60
2026-10-01T10:28:41+08:00,46136,27.9,53.1,11,569.3,847.7,597.2,1.223,5,clock|dynamic|fixed|macro|quotes,False,60
2026-10-01T10:29:40+08:00,46136,27.9,53.1,11,569.4,847.9,597.3,0.421,5,clock|dynamic|fixed|macro|quotes,False,60
2026-10-01T10:30:41+08:00,46136,27.9,53.1,11,568.4,847.9,596.4,0.930,5,clock|dynamic|fixed|macro|quotes,False,60
2026-10-01T10:31:41+08:00,46136,27.9,53.1,11,568.8,847.7,596.8,0.659,5,clock|dynamic|fixed|macro|quotes,False,60
2026-10-01T10:32:40+08:00,46136,27.9,53.1,11,568.6,847.8,596.5,0.618,5,clock|dynamic|fixed|macro|quotes,False,60
2026-10-01T10:33:40+08:00,0,,,,,,,,0,,False,60
2026-10-01T10:34:40+08:00,0,,,,,,,,0,,False,60
2026-10-01T10:35:40+08:00,0,,,,,,,,0,,False,60
2026-10-01T10:36:40+08:00,0,,,,,,,,0,,False,60
2026-10-01T10:37:40+08:00,0,,,,,,,,0,,False,60
2026-10-01T10:38:40+08:00,0,,,,,,,,0,,False,60
2026-10-01T10:39:40+08:00,0,,,,,,,,0,,False,60
2026-10-01T10:40:40+08:00,0,,,,,,,,0,,False,60
2026-10-01T10:41:40+08:00,0,,,,,,,,0,,False,60
2026-10-01T10:42:40+08:00,0,,,,,,,,0,,False,60
2026-10-01T10:43:40+08:00,0,,,,,,,,0,,False,60
2026-10-01T10:44:40+08:00,0,,,,,,,,0,,False,60
2026-10-01T10:45:40+08:00,0,,,,,,,,0,,False,60
2026-10-01T10:46:40+08:00,0,,,,,,,,0,,False,60
2026-10-01T10:47:40+08:00,0,,,,,,,,0,,False,60
2026-10-01T10:48:40+08:00,0,,,,,,,,0,,False,60
2026-10-01T10:49:40+08:00,0,,,,,,,,0,,False,60
2026-10-01T10:50:40+08:00,0,,,,,,,,0,,False,60
2026-10-01T10:51:40+08:00,0,,,,,,,,0,,False,60
2026-10-01T10:52:40+08:00,0,,,,,,,,0,,False,60
2026-10-01T10:53:40+08:00,0,,,,,,,,0,,False,60
2026-10-01T10:54:40+08:00,0,,,,,,,,0,,False,60
2026-10-01T10:55:40+08:00,0,,,,,,,,0,,False,60
2026-10-01T10:56:40+08:00,0,,,,,,,,0,,False,60
2026-10-01T10:57:40+08:00,0,,,,,,,,0,,False,60
2026-10-01T10:58:40+08:00,0,,,,,,,,0,,False,60
2026-10-01T10:59:40+08:00,0,,,,,,,,0,,False,60
2026-10-01T11:00:40+08:00,0,,,,,,,,0,,False,60
2026-10-01T11:01:40+08:00,0,,,,,,,,0,,False,60
2026-10-01T11:02:40+08:00,0,,,,,,,,0,,False,60
2026-10-01T11:03:40+08:00,0,,,,,,,,0,,False,60
2026-10-01T11:04:40+08:00,0,,,,,,,,0,,False,60
2026-10-01T11:05:40+08:00,0,,,,,,,,0,,False,60
2026-10-01T11:06:40+08:00,0,,,,,,,,0,,False,60
2026-10-01T11:07:40+08:00,0,,,,,,,,0,,False,60
