step,t_ms,cursor_x,cursor_y,x,y,w,h,center_monitor,fg_is_safe
a,200,1840,260,1200,43,1280,435,\\.\DISPLAY5,True
a,688,1800,260,1160,43,1280,435,\\.\DISPLAY5,True
a,767,1760,260,1120,43,1280,435,\\.\DISPLAY5,True
a,846,1720,260,1080,43,1280,435,\\.\DISPLAY5,True
a,926,1680,260,1040,43,1280,435,\\.\DISPLAY5,True
a,1003,1640,260,1000,43,1280,435,\\.\DISPLAY5,True
a,1081,1600,260,960,43,1280,435,\\.\DISPLAY5,True
a,1161,1560,260,920,43,1280,435,\\.\DISPLAY5,True
a,1239,1520,260,880,43,1280,435,\\.\DISPLAY5,True
a,1335,1480,260,840,43,1280,435,\\.\DISPLAY5,True
a,1413,1440,260,800,43,1280,435,\\.\DISPLAY5,True
a,1726,1440,260,800,43,1280,435,\\.\DISPLAY5,True
a,1884,1440,260,800,43,1280,435,\\.\DISPLAY5,True
a,1948,1440,260,800,43,1280,435,\\.\DISPLAY5,True
a,2011,1440,260,800,43,1280,435,\\.\DISPLAY5,True
a,2074,1440,260,800,43,1280,435,\\.\DISPLAY5,True
a,2136,1440,260,800,43,1280,435,\\.\DISPLAY5,True
a,2198,1440,260,800,43,1280,435,\\.\DISPLAY5,True
a,2260,1440,260,800,43,1280,435,\\.\DISPLAY5,True
a,2324,1440,260,800,43,1280,435,\\.\DISPLAY5,True
a,2386,1480,260,840,43,1280,435,\\.\DISPLAY5,True
a,2450,1520,260,880,43,1280,435,\\.\DISPLAY5,True
a,2529,1560,260,920,43,1280,435,\\.\DISPLAY5,True
a,2610,1600,260,960,43,1280,435,\\.\DISPLAY5,True
a,2689,1640,260,1000,43,1280,435,\\.\DISPLAY5,True
a,2769,1680,260,1040,43,1280,435,\\.\DISPLAY5,True
a,2846,1720,260,1080,43,1280,435,\\.\DISPLAY5,True
a,2926,1760,260,1120,43,1280,435,\\.\DISPLAY5,True
a,3006,1800,260,1160,43,1280,435,\\.\DISPLAY5,True
a,3084,1840,260,1200,43,1280,435,\\.\DISPLAY5,True
a,3398,1840,260,1200,43,1280,435,\\.\DISPLAY5,True
a,3584,1840,260,1200,43,1280,435,\\.\DISPLAY5,True
d,181,1840,260,1200,43,1280,435,\\.\DISPLAY5,True
d,638,1816,262,1176,45,1280,435,\\.\DISPLAY5,True
d,701,1793,264,1153,47,1280,435,\\.\DISPLAY5,True
d,765,1769,265,1129,48,1280,435,\\.\DISPLAY5,True
d,828,1746,267,1106,50,1280,435,\\.\DISPLAY5,True
d,894,1722,269,1082,52,1280,435,\\.\DISPLAY5,True
d,972,1699,271,1059,54,1280,435,\\.\DISPLAY5,True
d,1050,1675,272,1035,55,1280,435,\\.\DISPLAY5,True
d,1145,1652,274,1012,57,1280,435,\\.\DISPLAY5,True
d,1224,1628,276,988,59,1280,435,\\.\DISPLAY5,True
d,1302,1605,278,965,61,1280,435,\\.\DISPLAY5,True
d,1380,1581,279,941,62,1280,435,\\.\DISPLAY5,True
d,1459,1558,281,918,64,1280,435,\\.\DISPLAY5,True
d,1537,1534,283,894,66,1280,435,\\.\DISPLAY5,True
d,1615,1511,285,871,68,1280,435,\\.\DISPLAY5,True
d,1693,1487,286,847,69,1280,435,\\.\DISPLAY5,True
d,1771,1464,288,824,71,1280,435,\\.\DISPLAY5,True
d,1866,1440,290,800,73,1280,435,\\.\DISPLAY5,True
d,1947,1464,286,824,69,1280,435,\\.\DISPLAY5,True
d,2025,1489,283,849,66,1280,435,\\.\DISPLAY5,True
d,2103,1513,279,873,62,1280,435,\\.\DISPLAY5,True
d,2181,1537,276,897,59,1280,435,\\.\DISPLAY5,True
d,2260,1561,272,921,55,1280,435,\\.\DISPLAY5,True
d,2337,1586,269,946,52,1280,435,\\.\DISPLAY5,True
d,2417,1610,265,970,48,1280,435,\\.\DISPLAY5,True
d,2496,1634,261,994,44,1280,435,\\.\DISPLAY5,True
d,2572,1659,258,1019,41,1280,435,\\.\DISPLAY5,True
d,2651,1683,254,1043,37,1280,435,\\.\DISPLAY5,True
d,2730,1707,251,1067,34,1280,435,\\.\DISPLAY5,True
d,2810,1731,247,1091,30,1280,435,\\.\DISPLAY5,True
d,2889,1756,244,1116,27,1280,435,\\.\DISPLAY5,True
d,2968,1780,240,1140,23,1280,435,\\.\DISPLAY5,True
d,3048,1756,244,1116,27,1280,435,\\.\DISPLAY5,True
d,3127,1731,247,1091,30,1280,435,\\.\DISPLAY5,True
d,3205,1707,251,1067,34,1280,435,\\.\DISPLAY5,True
d,3284,1683,254,1043,37,1280,435,\\.\DISPLAY5,True
d,3365,1659,258,1019,41,1280,435,\\.\DISPLAY5,True
d,3442,1634,261,994,44,1280,435,\\.\DISPLAY5,True
d,3521,1610,265,970,48,1280,435,\\.\DISPLAY5,True
d,3600,1586,269,946,52,1280,435,\\.\DISPLAY5,True
d,3678,1561,272,921,55,1280,435,\\.\DISPLAY5,True
d,3757,1537,276,897,59,1280,435,\\.\DISPLAY5,True
d,3836,1513,279,873,62,1280,435,\\.\DISPLAY5,True
d,3915,1489,283,849,66,1280,435,\\.\DISPLAY5,True
d,3993,1464,286,824,69,1280,435,\\.\DISPLAY5,True
d,4073,1440,290,800,73,1280,435,\\.\DISPLAY5,True
d,4152,1464,286,824,69,1280,435,\\.\DISPLAY5,True
d,4232,1489,283,849,66,1280,435,\\.\DISPLAY5,True
d,4295,1513,279,873,62,1280,435,\\.\DISPLAY5,True
d,4373,1537,276,897,59,1280,435,\\.\DISPLAY5,True
d,4437,1561,272,921,55,1280,435,\\.\DISPLAY5,True
d,4515,1586,269,946,52,1280,435,\\.\DISPLAY5,True
d,4595,1610,265,970,48,1280,435,\\.\DISPLAY5,True
d,4675,1634,261,994,44,1280,435,\\.\DISPLAY5,True
d,4755,1659,258,1019,41,1280,435,\\.\DISPLAY5,True
d,4833,1683,254,1043,37,1280,435,\\.\DISPLAY5,True
d,4912,1707,251,1067,34,1280,435,\\.\DISPLAY5,True
d,4992,1731,247,1091,30,1280,435,\\.\DISPLAY5,True
d,5072,1756,244,1116,27,1280,435,\\.\DISPLAY5,True
d,5150,1780,240,1140,23,1280,435,\\.\DISPLAY5,True
d,5230,1756,244,1116,27,1280,435,\\.\DISPLAY5,True
d,5310,1731,247,1091,30,1280,435,\\.\DISPLAY5,True
d,5386,1707,251,1067,34,1280,435,\\.\DISPLAY5,True
d,5464,1683,254,1043,37,1280,435,\\.\DISPLAY5,True
d,5542,1659,258,1019,41,1280,435,\\.\DISPLAY5,True
d,5620,1634,261,994,44,1280,435,\\.\DISPLAY5,True
d,5699,1610,265,970,48,1280,435,\\.\DISPLAY5,True
d,5763,1586,269,946,52,1280,435,\\.\DISPLAY5,True
d,5842,1561,272,921,55,1280,435,\\.\DISPLAY5,True
d,5906,1537,276,897,59,1280,435,\\.\DISPLAY5,True
d,5984,1513,279,873,62,1280,435,\\.\DISPLAY5,True
d,6063,1489,283,849,66,1280,435,\\.\DISPLAY5,True
d,6141,1464,286,824,69,1280,435,\\.\DISPLAY5,True
d,6219,1440,290,800,73,1280,435,\\.\DISPLAY5,True
d,6283,1464,286,824,69,1280,435,\\.\DISPLAY5,True
d,6363,1489,283,849,66,1280,435,\\.\DISPLAY5,True
d,6442,1513,279,873,62,1280,435,\\.\DISPLAY5,True
d,6521,1537,276,897,59,1280,435,\\.\DISPLAY5,True
d,6601,1561,272,921,55,1280,435,\\.\DISPLAY5,True
d,6680,1586,269,946,52,1280,435,\\.\DISPLAY5,True
d,6758,1610,265,970,48,1280,435,\\.\DISPLAY5,True
d,6838,1634,261,994,44,1280,435,\\.\DISPLAY5,True
d,6915,1659,258,1019,41,1280,435,\\.\DISPLAY5,True
d,6995,1683,254,1043,37,1280,435,\\.\DISPLAY5,True
d,7073,1707,251,1067,34,1280,435,\\.\DISPLAY5,True
d,7151,1731,247,1091,30,1280,435,\\.\DISPLAY5,True
d,7229,1756,244,1116,27,1280,435,\\.\DISPLAY5,True
d,7294,1780,240,1140,23,1280,435,\\.\DISPLAY5,True
d,7373,1756,244,1116,27,1280,435,\\.\DISPLAY5,True
d,7451,1731,247,1091,30,1280,435,\\.\DISPLAY5,True
d,7529,1707,251,1067,34,1280,435,\\.\DISPLAY5,True
d,7592,1683,254,1043,37,1280,435,\\.\DISPLAY5,True
d,7656,1659,258,1019,41,1280,435,\\.\DISPLAY5,True
d,7720,1634,261,994,44,1280,435,\\.\DISPLAY5,True
d,7799,1610,265,970,48,1280,435,\\.\DISPLAY5,True
d,7878,1586,269,946,52,1280,435,\\.\DISPLAY5,True
d,7956,1561,272,921,55,1280,435,\\.\DISPLAY5,True
d,8034,1537,276,897,59,1280,435,\\.\DISPLAY5,True
d,8114,1513,279,873,62,1280,435,\\.\DISPLAY5,True
d,8194,1489,283,849,66,1280,435,\\.\DISPLAY5,True
d,8272,1464,286,824,69,1280,435,\\.\DISPLAY5,True
d,8351,1440,290,800,73,1280,435,\\.\DISPLAY5,True
d,8430,1464,286,824,69,1280,435,\\.\DISPLAY5,True
d,8509,1489,283,849,66,1280,435,\\.\DISPLAY5,True
d,8589,1513,279,873,62,1280,435,\\.\DISPLAY5,True
d,8668,1537,276,897,59,1280,435,\\.\DISPLAY5,True
d,8733,1561,272,921,55,1280,435,\\.\DISPLAY5,True
d,8810,1586,269,946,52,1280,435,\\.\DISPLAY5,True
d,8887,1610,265,970,48,1280,435,\\.\DISPLAY5,True
d,8950,1634,261,994,44,1280,435,\\.\DISPLAY5,True
d,9012,1659,258,1019,41,1280,435,\\.\DISPLAY5,True
d,9090,1683,254,1043,37,1280,435,\\.\DISPLAY5,True
d,9168,1707,251,1067,34,1280,435,\\.\DISPLAY5,True
d,9246,1731,247,1091,30,1280,435,\\.\DISPLAY5,True
d,9325,1756,244,1116,27,1280,435,\\.\DISPLAY5,True
d,9388,1780,240,1140,23,1280,435,\\.\DISPLAY5,True
d,9465,1800,247,1160,30,1280,435,\\.\DISPLAY5,True
d,9542,1820,253,1180,36,1280,435,\\.\DISPLAY5,True
d,9636,1840,260,1200,43,1280,435,\\.\DISPLAY5,True
d,9952,1840,260,1200,43,1280,435,\\.\DISPLAY5,True
d,10267,1840,260,1200,43,1280,435,\\.\DISPLAY5,True
d,10442,1840,260,1200,43,1280,435,\\.\DISPLAY5,True
b,175,1840,260,1200,43,1280,435,\\.\DISPLAY5,True
b,628,1840,296,1200,79,1280,435,\\.\DISPLAY5,True
b,708,1840,332,1200,115,1280,435,\\.\DISPLAY5,True
b,785,1840,368,1200,151,1280,435,\\.\DISPLAY5,True
b,865,1840,405,1200,188,1280,435,\\.\DISPLAY5,True
b,943,1840,441,1200,224,1280,435,\\.\DISPLAY5,True
b,1022,1840,477,1200,260,1280,435,\\.\DISPLAY5,True
b,1100,1840,513,1200,296,1280,435,\\.\DISPLAY5,True
b,1175,1880,513,1240,296,1280,435,\\.\DISPLAY5,True
b,1254,1920,513,1280,296,1280,435,\\.\DISPLAY5,True
b,1332,1960,513,1320,296,1280,435,\\.\DISPLAY5,True
b,1411,2000,513,1360,296,1280,435,\\.\DISPLAY5,True
b,1490,2040,513,1400,296,1280,435,\\.\DISPLAY5,True
b,1567,2080,513,1440,296,1280,435,\\.\DISPLAY5,True
b,1645,2120,513,1480,296,1280,435,\\.\DISPLAY5,True
b,1724,2160,513,1520,296,1280,435,\\.\DISPLAY5,True
b,1803,2200,513,1560,296,1280,435,\\.\DISPLAY5,True
b,1881,2240,513,1600,296,1280,435,\\.\DISPLAY5,True
b,1959,2280,513,1640,296,1280,435,\\.\DISPLAY5,True
b,2037,2320,513,1680,296,1280,435,\\.\DISPLAY5,True
b,2114,2360,513,1720,296,1280,435,\\.\DISPLAY5,True
b,2192,2400,513,1760,296,1280,435,\\.\DISPLAY5,True
b,2270,2440,513,1800,296,1280,435,\\.\DISPLAY5,True
b,2349,2480,513,1840,296,1280,435,\\.\DISPLAY5,True
b,2428,2520,513,1880,296,1280,435,\\.\DISPLAY5,True
b,2508,2560,513,1920,296,1280,435,\\.\DISPLAY5,True
b,2585,2600,513,1960,296,1280,435,\\.\DISPLAY5,True
b,2664,2640,513,2000,296,1280,435,\\.\DISPLAY5,True
b,2742,2680,513,2040,296,1280,435,\\.\DISPLAY5,True
b,2821,2720,513,2080,296,1280,435,\\.\DISPLAY5,True
b,2898,2760,513,2120,296,1280,435,\\.\DISPLAY5,True
b,2976,2800,513,2160,296,1280,435,\\.\DISPLAY5,True
b,3053,2840,513,2200,296,1280,435,\\.\DISPLAY5,True
b,3131,2880,513,2240,296,1280,435,\\.\DISPLAY5,True
b,3210,2920,513,2280,296,1280,435,\\.\DISPLAY5,True
b,3287,2960,513,2320,296,1280,435,\\.\DISPLAY5,True
b,3366,3000,513,2360,296,1280,435,\\.\DISPLAY5,True
b,3444,3040,513,2400,296,1280,435,\\.\DISPLAY5,True
b,3523,3080,513,2440,296,1280,435,\\.\DISPLAY5,True
b,3600,3120,513,2480,296,1280,435,\\.\DISPLAY5,True
b,3681,3160,513,2520,296,1280,435,\\.\DISPLAY5,True
b,3760,3200,513,2560,296,1280,435,\\.\DISPLAY5,True
b,3838,3240,513,2600,296,1280,435,\\.\DISPLAY5,True
b,3917,3280,513,2640,296,1280,435,\\.\DISPLAY5,True
b,3996,3320,513,2680,296,1280,435,\\.\DISPLAY5,True
b,4073,3360,513,2720,296,1280,435,\\.\DISPLAY5,True
b,4151,3400,513,2760,296,1280,435,\\.\DISPLAY5,True
b,4231,3440,513,2800,296,1280,435,\\.\DISPLAY5,True
b,4310,3480,513,2840,296,1280,435,\\.\DISPLAY5,True
b,4373,3520,513,2880,296,1280,435,\\.\DISPLAY5,True
b,4437,3560,513,2920,296,1280,435,\\.\DISPLAY5,True
b,4515,3600,513,2960,296,1280,435,\\.\DISPLAY5,True
b,4594,3640,513,3000,296,1280,435,\\.\DISPLAY5,True
b,4672,3680,513,3040,296,1280,435,\\.\DISPLAY5,True
b,4750,3720,513,3080,296,1280,435,\\.\DISPLAY5,True
b,4827,3760,513,3120,296,1280,435,\\.\DISPLAY5,True
b,4907,3800,513,3160,296,1280,435,\\.\DISPLAY5,True
b,4987,3840,513,3200,296,1280,435,\\.\DISPLAY1,True
b,5065,3880,513,3453,354,853,318,\\.\DISPLAY1,True
b,5145,3920,513,3493,354,853,318,\\.\DISPLAY1,True
b,5223,3960,513,3533,354,853,318,\\.\DISPLAY1,True
b,5302,4000,513,3573,354,853,318,\\.\DISPLAY1,True
b,5380,4040,513,3613,354,853,318,\\.\DISPLAY1,True
b,5459,4080,513,3653,354,853,318,\\.\DISPLAY1,True
b,5539,4120,513,3693,354,853,318,\\.\DISPLAY1,True
b,5618,4160,513,3733,354,853,318,\\.\DISPLAY1,True
b,5696,4200,513,3773,354,853,318,\\.\DISPLAY1,True
b,5774,4240,513,3813,354,853,318,\\.\DISPLAY1,True
b,5853,4280,513,3853,354,853,318,\\.\DISPLAY1,True
b,5929,4320,513,3893,354,853,318,\\.\DISPLAY1,True
b,6006,4360,513,3933,354,853,318,\\.\DISPLAY1,True
b,6084,4400,513,3973,354,853,318,\\.\DISPLAY1,True
b,6163,4440,513,4013,354,853,318,\\.\DISPLAY1,True
b,6243,4480,513,4053,354,853,318,\\.\DISPLAY1,True
b,6323,4520,513,4093,354,853,318,\\.\DISPLAY1,True
b,6387,4560,513,4133,354,853,318,\\.\DISPLAY1,True
b,6464,4600,513,4173,354,853,318,\\.\DISPLAY1,True
b,6528,4640,513,4213,354,853,318,\\.\DISPLAY1,True
b,6607,4680,513,4253,354,853,318,\\.\DISPLAY1,True
b,6685,4720,513,4293,354,853,318,\\.\DISPLAY1,True
b,6762,4760,513,4333,354,853,318,\\.\DISPLAY1,True
b,6842,4800,513,4373,354,853,318,\\.\DISPLAY1,True
b,6920,4840,513,4413,354,853,318,\\.\DISPLAY1,True
b,6999,4880,513,4453,354,853,318,\\.\DISPLAY1,True
b,7077,4920,513,4493,354,853,318,\\.\DISPLAY1,True
b,7140,4960,513,4533,354,853,318,\\.\DISPLAY1,True
b,7220,5000,513,4573,354,853,318,\\.\DISPLAY1,True
b,7299,5040,513,4613,354,853,318,\\.\DISPLAY1,True
b,7377,5080,513,4653,354,853,318,\\.\DISPLAY1,True
b,7457,5120,513,4693,354,853,318,\\.\DISPLAY1,True
b,7773,5120,513,4693,354,853,318,\\.\DISPLAY1,True
b,7931,5120,513,4693,354,853,318,\\.\DISPLAY1,True
b,7995,5120,513,4693,354,853,318,\\.\DISPLAY1,True
b,8057,5120,513,4693,354,853,318,\\.\DISPLAY1,True
b,8122,5120,513,4693,354,853,318,\\.\DISPLAY1,True
b,8185,5120,513,4693,354,853,318,\\.\DISPLAY1,True
b,8247,5120,513,4693,354,853,318,\\.\DISPLAY1,True
b,8311,5120,513,4693,354,853,318,\\.\DISPLAY1,True
b,8376,5120,513,4693,354,853,318,\\.\DISPLAY1,True
b,8455,5080,513,4653,354,853,318,\\.\DISPLAY1,True
b,8534,5040,513,4613,354,853,318,\\.\DISPLAY1,True
b,8614,5000,513,4573,354,853,318,\\.\DISPLAY1,True
b,8694,4960,513,4533,354,853,318,\\.\DISPLAY1,True
b,8773,4920,513,4493,354,853,318,\\.\DISPLAY1,True
b,8848,4880,513,4453,354,853,318,\\.\DISPLAY1,True
b,8927,4840,513,4413,354,853,318,\\.\DISPLAY1,True
b,9007,4800,513,4373,354,853,318,\\.\DISPLAY1,True
b,9087,4760,513,4333,354,853,318,\\.\DISPLAY1,True
b,9164,4720,513,4293,354,853,318,\\.\DISPLAY1,True
b,9245,4680,513,4253,354,853,318,\\.\DISPLAY1,True
b,9323,4640,513,4213,354,853,318,\\.\DISPLAY1,True
b,9400,4600,513,4173,354,853,318,\\.\DISPLAY1,True
b,9466,4560,513,4133,354,853,318,\\.\DISPLAY1,True
b,9545,4520,513,4093,354,853,318,\\.\DISPLAY1,True
b,9623,4480,513,4053,354,853,318,\\.\DISPLAY1,True
b,9686,4440,513,4013,354,853,318,\\.\DISPLAY1,True
b,9750,4400,513,3973,354,853,318,\\.\DISPLAY1,True
b,9828,4360,513,3933,354,853,318,\\.\DISPLAY1,True
b,9892,4320,513,3893,354,853,318,\\.\DISPLAY1,True
b,9972,4280,513,3853,354,853,318,\\.\DISPLAY1,True
b,10052,4240,513,3813,354,853,318,\\.\DISPLAY1,True
b,10128,4200,513,3773,354,853,318,\\.\DISPLAY1,True
b,10205,4160,513,3733,354,853,318,\\.\DISPLAY1,True
b,10283,4120,513,3693,354,853,318,\\.\DISPLAY1,True
b,10362,4080,513,3653,354,853,318,\\.\DISPLAY1,True
b,10440,4040,513,3613,354,853,318,\\.\DISPLAY1,True
b,10517,4000,513,3573,354,853,318,\\.\DISPLAY1,True
b,10595,3960,513,3533,354,853,318,\\.\DISPLAY1,True
b,10675,3920,513,3493,354,853,318,\\.\DISPLAY1,True
b,10753,3880,513,3453,354,853,318,\\.\DISPLAY1,True
b,10830,3840,513,3413,354,853,318,\\.\DISPLAY1,True
b,10909,3800,513,3160,296,1280,435,\\.\DISPLAY5,True
b,10988,3760,513,3120,296,1280,435,\\.\DISPLAY5,True
b,11067,3720,513,3080,296,1280,435,\\.\DISPLAY5,True
b,11145,3680,513,3040,296,1280,435,\\.\DISPLAY5,True
b,11224,3640,513,3000,296,1280,435,\\.\DISPLAY5,True
b,11301,3600,513,2960,296,1280,435,\\.\DISPLAY5,True
b,11380,3560,513,2920,296,1280,435,\\.\DISPLAY5,True
b,11457,3520,513,2880,296,1280,435,\\.\DISPLAY5,True
b,11534,3480,513,2840,296,1280,435,\\.\DISPLAY5,True
b,11614,3440,513,2800,296,1280,435,\\.\DISPLAY5,True
b,11694,3400,513,2760,296,1280,435,\\.\DISPLAY5,True
b,11771,3360,513,2720,296,1280,435,\\.\DISPLAY5,True
b,11848,3320,513,2680,296,1280,435,\\.\DISPLAY5,True
b,11928,3280,513,2640,296,1280,435,\\.\DISPLAY5,True
b,12007,3240,513,2600,296,1280,435,\\.\DISPLAY5,True
b,12084,3200,513,2560,296,1280,435,\\.\DISPLAY5,True
b,12165,3160,513,2520,296,1280,435,\\.\DISPLAY5,True
b,12243,3120,513,2480,296,1280,435,\\.\DISPLAY5,True
b,12320,3080,513,2440,296,1280,435,\\.\DISPLAY5,True
b,12400,3040,513,2400,296,1280,435,\\.\DISPLAY5,True
b,12478,3000,513,2360,296,1280,435,\\.\DISPLAY5,True
b,12558,2960,513,2320,296,1280,435,\\.\DISPLAY5,True
b,12635,2920,513,2280,296,1280,435,\\.\DISPLAY5,True
b,12700,2880,513,2240,296,1280,435,\\.\DISPLAY5,True
b,12781,2840,513,2200,296,1280,435,\\.\DISPLAY5,True
b,12857,2800,513,2160,296,1280,435,\\.\DISPLAY5,True
b,12937,2760,513,2120,296,1280,435,\\.\DISPLAY5,True
b,13016,2720,513,2080,296,1280,435,\\.\DISPLAY5,True
b,13096,2680,513,2040,296,1280,435,\\.\DISPLAY5,True
b,13173,2640,513,2000,296,1280,435,\\.\DISPLAY5,True
b,13250,2600,513,1960,296,1280,435,\\.\DISPLAY5,True
b,13328,2560,513,1920,296,1280,435,\\.\DISPLAY5,True
b,13407,2520,513,1880,296,1280,435,\\.\DISPLAY5,True
b,13483,2480,513,1840,296,1280,435,\\.\DISPLAY5,True
b,13561,2440,513,1800,296,1280,435,\\.\DISPLAY5,True
b,13638,2400,513,1760,296,1280,435,\\.\DISPLAY5,True
b,13704,2360,513,1720,296,1280,435,\\.\DISPLAY5,True
b,13781,2320,513,1680,296,1280,435,\\.\DISPLAY5,True
b,13859,2280,513,1640,296,1280,435,\\.\DISPLAY5,True
b,13937,2240,513,1600,296,1280,435,\\.\DISPLAY5,True
b,14016,2200,513,1560,296,1280,435,\\.\DISPLAY5,True
b,14094,2160,513,1520,296,1280,435,\\.\DISPLAY5,True
b,14172,2120,513,1480,296,1280,435,\\.\DISPLAY5,True
b,14250,2080,513,1440,296,1280,435,\\.\DISPLAY5,True
b,14329,2040,513,1400,296,1280,435,\\.\DISPLAY5,True
b,14407,2000,513,1360,296,1280,435,\\.\DISPLAY5,True
b,14487,1960,513,1320,296,1280,435,\\.\DISPLAY5,True
b,14567,1920,513,1280,296,1280,435,\\.\DISPLAY5,True
b,14647,1880,513,1240,296,1280,435,\\.\DISPLAY5,True
b,14725,1840,513,1200,296,1280,435,\\.\DISPLAY5,True
b,14804,1840,477,1200,260,1280,435,\\.\DISPLAY5,True
b,14883,1840,441,1200,224,1280,435,\\.\DISPLAY5,True
b,14960,1840,405,1200,188,1280,435,\\.\DISPLAY5,True
b,15039,1840,368,1200,151,1280,435,\\.\DISPLAY5,True
b,15118,1840,332,1200,115,1280,435,\\.\DISPLAY5,True
b,15195,1840,296,1200,79,1280,435,\\.\DISPLAY5,True
b,15274,1840,260,1200,43,1280,435,\\.\DISPLAY5,True
b,15590,1840,260,1200,43,1280,435,\\.\DISPLAY5,True
b,15765,1840,260,1200,43,1280,435,\\.\DISPLAY5,True
c,168,1840,260,1200,43,1280,435,\\.\DISPLAY5,True
c,622,1840,296,1200,79,1280,435,\\.\DISPLAY5,True
c,701,1840,332,1200,115,1280,435,\\.\DISPLAY5,True
c,780,1840,368,1200,151,1280,435,\\.\DISPLAY5,True
c,860,1840,405,1200,188,1280,435,\\.\DISPLAY5,True
c,941,1840,441,1200,224,1280,435,\\.\DISPLAY5,True
c,1004,1840,477,1200,260,1280,435,\\.\DISPLAY5,True
c,1081,1840,513,1200,296,1280,435,\\.\DISPLAY5,True
c,1146,1880,513,1240,296,1280,435,\\.\DISPLAY5,True
c,1224,1920,513,1280,296,1280,435,\\.\DISPLAY5,True
c,1303,1960,513,1320,296,1280,435,\\.\DISPLAY5,True
c,1381,2000,513,1360,296,1280,435,\\.\DISPLAY5,True
c,1458,2040,513,1400,296,1280,435,\\.\DISPLAY5,True
c,1537,2080,513,1440,296,1280,435,\\.\DISPLAY5,True
c,1616,2120,513,1480,296,1280,435,\\.\DISPLAY5,True
c,1695,2160,513,1520,296,1280,435,\\.\DISPLAY5,True
c,1772,2200,513,1560,296,1280,435,\\.\DISPLAY5,True
c,1852,2240,513,1600,296,1280,435,\\.\DISPLAY5,True
c,1933,2280,513,1640,296,1280,435,\\.\DISPLAY5,True
c,2011,2320,513,1680,296,1280,435,\\.\DISPLAY5,True
c,2090,2360,513,1720,296,1280,435,\\.\DISPLAY5,True
c,2170,2400,513,1760,296,1280,435,\\.\DISPLAY5,True
c,2250,2440,513,1800,296,1280,435,\\.\DISPLAY5,True
c,2329,2480,513,1840,296,1280,435,\\.\DISPLAY5,True
c,2409,2520,513,1880,296,1280,435,\\.\DISPLAY5,True
c,2472,2560,513,1920,296,1280,435,\\.\DISPLAY5,True
c,2550,2600,513,1960,296,1280,435,\\.\DISPLAY5,True
c,2631,2640,513,2000,296,1280,435,\\.\DISPLAY5,True
c,2709,2680,513,2040,296,1280,435,\\.\DISPLAY5,True
c,2788,2720,513,2080,296,1280,435,\\.\DISPLAY5,True
c,2851,2760,513,2120,296,1280,435,\\.\DISPLAY5,True
c,2928,2800,513,2160,296,1280,435,\\.\DISPLAY5,True
c,3006,2840,513,2200,296,1280,435,\\.\DISPLAY5,True
c,3085,2880,513,2240,296,1280,435,\\.\DISPLAY5,True
c,3164,2920,513,2280,296,1280,435,\\.\DISPLAY5,True
c,3241,2960,513,2320,296,1280,435,\\.\DISPLAY5,True
c,3322,3000,513,2360,296,1280,435,\\.\DISPLAY5,True
c,3401,3040,513,2400,296,1280,435,\\.\DISPLAY5,True
c,3478,3080,513,2440,296,1280,435,\\.\DISPLAY5,True
c,3557,3120,513,2480,296,1280,435,\\.\DISPLAY5,True
c,3635,3160,513,2520,296,1280,435,\\.\DISPLAY5,True
c,3715,3200,513,2560,296,1280,435,\\.\DISPLAY5,True
c,3791,3240,513,2600,296,1280,435,\\.\DISPLAY5,True
c,3870,3280,513,2640,296,1280,435,\\.\DISPLAY5,True
c,3951,3320,513,2680,296,1280,435,\\.\DISPLAY5,True
c,4029,3360,513,2720,296,1280,435,\\.\DISPLAY5,True
c,4106,3400,513,2760,296,1280,435,\\.\DISPLAY5,True
c,4185,3440,513,2800,296,1280,435,\\.\DISPLAY5,True
c,4264,3480,513,2840,296,1280,435,\\.\DISPLAY5,True
c,4342,3520,513,2880,296,1280,435,\\.\DISPLAY5,True
c,4420,3560,513,2920,296,1280,435,\\.\DISPLAY5,True
c,4499,3600,513,2960,296,1280,435,\\.\DISPLAY5,True
c,4575,3640,513,3000,296,1280,435,\\.\DISPLAY5,True
c,4653,3680,513,3040,296,1280,435,\\.\DISPLAY5,True
c,4731,3720,513,3080,296,1280,435,\\.\DISPLAY5,True
c,4812,3760,513,3120,296,1280,435,\\.\DISPLAY5,True
c,4891,3800,513,3160,296,1280,435,\\.\DISPLAY5,True
c,4968,3840,513,3200,296,1280,435,\\.\DISPLAY1,True
c,5047,3880,513,3453,354,853,318,\\.\DISPLAY1,True
c,5123,3920,513,3493,354,853,318,\\.\DISPLAY1,True
c,5203,3960,513,3533,354,853,318,\\.\DISPLAY1,True
c,5281,4000,513,3573,354,853,318,\\.\DISPLAY1,True
c,5359,4040,513,3613,354,853,318,\\.\DISPLAY1,True
c,5436,4080,513,3653,354,853,318,\\.\DISPLAY1,True
c,5514,4120,513,3693,354,853,318,\\.\DISPLAY1,True
c,5593,4160,513,3733,354,853,318,\\.\DISPLAY1,True
c,5672,4200,513,3773,354,853,318,\\.\DISPLAY1,True
c,5751,4240,513,3813,354,853,318,\\.\DISPLAY1,True
c,5830,4280,513,3853,354,853,318,\\.\DISPLAY1,True
c,5910,4320,513,3893,354,853,318,\\.\DISPLAY1,True
c,5987,4360,513,3933,354,853,318,\\.\DISPLAY1,True
c,6064,4400,513,3973,354,853,318,\\.\DISPLAY1,True
c,6142,4440,513,4013,354,853,318,\\.\DISPLAY1,True
c,6222,4480,513,4053,354,853,318,\\.\DISPLAY1,True
c,6299,4520,513,4093,354,853,318,\\.\DISPLAY1,True
c,6378,4560,513,4133,354,853,318,\\.\DISPLAY1,True
c,6471,4600,513,4173,354,853,318,\\.\DISPLAY1,True
c,6548,4640,513,4213,354,853,318,\\.\DISPLAY1,True
c,6626,4680,513,4253,354,853,318,\\.\DISPLAY1,True
c,6704,4720,513,4293,354,853,318,\\.\DISPLAY1,True
c,6782,4760,513,4333,354,853,318,\\.\DISPLAY1,True
c,6860,4800,513,4373,354,853,318,\\.\DISPLAY1,True
c,6939,4840,513,4413,354,853,318,\\.\DISPLAY1,True
c,7017,4880,513,4453,354,853,318,\\.\DISPLAY1,True
c,7096,4920,513,4493,354,853,318,\\.\DISPLAY1,True
c,7174,4960,513,4533,354,853,318,\\.\DISPLAY1,True
c,7238,5000,513,4573,354,853,318,\\.\DISPLAY1,True
c,7318,5040,513,4613,354,853,318,\\.\DISPLAY1,True
c,7397,5080,513,4653,354,853,318,\\.\DISPLAY1,True
c,7458,5120,513,4693,354,853,318,\\.\DISPLAY1,True
c,7773,5120,513,4693,354,853,318,\\.\DISPLAY1,True
c,8087,5120,513,4693,354,853,318,\\.\DISPLAY1,True
c,8262,5120,513,4693,354,853,318,\\.\DISPLAY1,True
