ts,elapsed_s,phase,gap_s,locked,set_ok,set_fail,exp_pid,exp_pid_changed,exp_cpu_ms,exp_cpu_pct_1core,exp_ws_bytes,exp_private_bytes,exp_handles,exp_gdi,exp_gdi_peak,exp_user,exp_user_peak,self_cpu_ms,self_cpu_pct_1core,self_ws_bytes,self_private_bytes,self_handles,self_gdi,self_gdi_peak,self_user,self_user_peak
2026-10-02T10:42:13.699+08:00,0.0,baseline,,0,0,0,104556,0,67828,,335646720,372768768,4021,351,376,359,376,31,,15220736,1757184,165,0,1,5,5
2026-10-02T10:42:43.738+08:00,30.0,baseline,30.0,0,0,0,104556,0,68140,1.04,343289856,380952576,4083,351,376,363,376,62,0.10,15187968,1699840,164,0,1,5,5
2026-10-02T10:43:13.767+08:00,60.1,baseline,30.0,0,0,0,104556,0,68140,0.00,343314432,380719104,4057,351,376,359,376,93,0.10,15171584,1667072,164,0,1,5,5
2026-10-02T10:43:43.704+08:00,90.0,baseline,29.9,0,0,0,104556,0,68140,0.00,343072768,380719104,4058,351,376,359,376,140,0.16,15163392,1634304,162,0,1,5,5
2026-10-02T10:44:13.739+08:00,120.0,baseline,30.0,0,0,0,104556,0,68140,0.00,343318528,380719104,4058,351,376,359,376,156,0.05,15163392,1634304,162,0,1,5,5
2026-10-02T10:44:43.773+08:00,150.1,baseline,30.0,0,0,0,104556,0,68140,0.00,342867968,380092416,4028,351,376,358,376,171,0.05,15138816,1560576,156,0,1,5,5
2026-10-02T10:45:13.797+08:00,180.1,baseline,30.0,0,0,0,104556,0,68625,1.61,344346624,380551168,4122,352,376,363,376,187,0.05,15138816,1560576,156,0,1,5,5
2026-10-02T10:45:43.724+08:00,210.0,baseline,29.9,0,0,0,104556,0,68625,0.00,344100864,380473344,4113,352,376,361,376,203,0.05,15138816,1560576,156,0,1,5,5
2026-10-02T10:46:13.771+08:00,240.1,baseline,30.0,0,0,0,104556,0,68953,1.09,344444928,381825024,4142,351,377,373,378,234,0.10,15138816,1560576,156,0,1,5,5
2026-10-02T10:46:43.796+08:00,270.1,baseline,30.0,0,0,0,104556,0,69343,1.30,344268800,381829120,4141,351,377,372,378,250,0.05,15138816,1560576,156,0,1,5,5
2026-10-02T10:47:13.746+08:00,300.0,baseline,29.9,0,0,0,104556,0,69718,1.25,344588288,382279680,4156,351,377,374,378,265,0.05,15286272,1630208,156,0,1,5,5
2026-10-02T10:47:43.793+08:00,330.1,baseline,30.0,0,0,0,104556,0,69765,0.16,338116608,374968320,4105,351,377,363,378,296,0.10,15286272,1630208,156,0,1,5,5
2026-10-02T10:48:13.725+08:00,360.0,baseline,29.9,0,0,0,104556,0,69765,0.00,338276352,374681600,4082,351,377,361,378,328,0.10,15286272,1630208,156,0,1,5,5
2026-10-02T10:48:43.773+08:00,390.1,baseline,30.0,0,0,0,104556,0,69765,0.00,338038784,374681600,4082,351,377,361,378,390,0.21,15347712,1699840,162,0,1,6,6
2026-10-02T10:49:13.721+08:00,420.0,baseline,29.9,0,0,0,104556,0,69781,0.05,338149376,374517760,4051,351,377,358,378,437,0.16,15306752,1634304,162,0,1,6,6
2026-10-02T10:49:43.763+08:00,450.1,baseline,30.1,0,0,0,104556,0,69781,0.00,337907712,374517760,4051,351,377,358,378,468,0.10,15306752,1634304,162,0,1,6,6
2026-10-02T10:50:13.801+08:00,480.1,baseline,30.0,0,0,0,104556,0,69781,0.00,338014208,374288384,4030,351,377,355,378,500,0.10,15273984,1560576,156,0,1,5,6
2026-10-02T10:50:43.742+08:00,510.0,baseline,29.9,0,0,0,104556,0,69796,0.05,337772544,374288384,4030,351,377,355,378,515,0.05,15273984,1560576,156,0,1,5,6
2026-10-02T10:51:13.775+08:00,540.1,baseline,30.0,0,0,0,104556,0,69796,0.00,338100224,374435840,4034,351,377,355,378,593,0.26,15273984,1560576,156,0,1,5,6
2026-10-02T10:51:43.718+08:00,570.0,baseline,29.9,0,0,0,104556,0,69796,0.00,337842176,374358016,4028,351,377,355,378,625,0.10,15273984,1560576,156,0,1,5,6
2026-10-02T10:52:13.744+08:00,600.0,setting,30.0,0,0,0,104556,0,69796,0.00,337293312,374312960,4026,351,377,355,378,671,0.16,15323136,1630208,156,0,1,5,6
2026-10-02T10:52:43.705+08:00,630.0,setting,30.0,0,6,0,104556,0,70812,3.39,323108864,360800256,4031,351,377,356,378,734,0.21,15527936,1802240,158,0,1,5,6
2026-10-02T10:53:13.785+08:00,660.1,setting,30.1,0,12,0,104556,0,71765,3.17,323407872,360857600,4031,351,377,356,378,781,0.16,15536128,1802240,158,0,1,5,6
2026-10-02T10:53:43.742+08:00,690.0,setting,30.0,0,18,0,104556,0,72781,3.39,323223552,360919040,4031,351,377,356,378,828,0.16,15495168,1736704,158,0,1,5,6
2026-10-02T10:54:13.797+08:00,720.1,setting,30.1,0,24,0,104556,0,73765,3.28,323526656,360980480,4031,351,377,356,378,859,0.10,15626240,1871872,158,0,1,5,6
2026-10-02T10:54:43.766+08:00,750.1,setting,30.0,0,30,0,104556,0,74859,3.65,323260416,360902656,4024,351,377,355,378,890,0.10,15626240,1871872,158,0,1,5,6
2026-10-02T10:55:13.730+08:00,780.0,setting,30.0,0,36,0,104556,0,76156,4.33,326045696,363642880,4117,351,377,368,378,921,0.10,15634432,1871872,158,0,1,5,6
2026-10-02T10:55:43.792+08:00,810.1,setting,30.1,0,42,0,104556,0,77125,3.22,325677056,363331584,4085,351,377,361,378,953,0.10,15634432,1871872,158,0,1,5,6
2026-10-02T10:56:13.766+08:00,840.1,setting,30.0,0,48,0,104556,0,78156,3.44,325955584,363376640,4084,351,377,361,378,1015,0.21,15634432,1871872,158,0,1,5,6
2026-10-02T10:56:43.737+08:00,870.0,setting,30.0,0,54,0,104556,0,79546,4.64,327122944,363704320,4166,352,377,366,378,1046,0.10,15634432,1871872,158,0,1,5,6
2026-10-02T10:57:13.809+08:00,900.1,setting,30.1,0,60,0,104556,0,80609,3.53,326578176,363438080,4145,352,377,364,378,1093,0.16,15634432,1871872,158,0,1,5,6
2026-10-02T10:57:43.765+08:00,930.1,setting,30.0,0,66,0,104556,0,81640,3.44,325283840,363249664,4059,351,377,361,378,1140,0.16,15646720,1880064,158,0,1,5,6
2026-10-02T10:58:13.720+08:00,960.0,setting,30.0,0,72,0,104556,0,82703,3.55,325541888,363249664,4059,351,377,360,378,1171,0.10,15650816,1880064,158,0,1,5,6
2026-10-02T10:58:43.785+08:00,990.1,setting,30.1,0,78,0,104556,0,83718,3.38,325300224,363249664,4059,351,377,360,378,1218,0.16,15650816,1880064,158,0,1,5,6
2026-10-02T10:59:13.739+08:00,1020.0,setting,30.0,0,84,0,104556,0,84718,3.34,325414912,363016192,4038,351,377,358,378,1265,0.16,15773696,2015232,158,0,1,5,6
2026-10-02T10:59:43.748+08:00,1050.0,setting,30.0,0,90,0,104556,0,85843,3.75,325177344,363016192,4037,351,377,357,378,1312,0.16,15773696,2015232,158,0,1,5,6
2026-10-02T11:00:13.797+08:00,1080.1,setting,30.1,0,96,0,104556,0,86859,3.38,322912256,360509440,4035,351,377,357,378,1343,0.10,15773696,2015232,158,0,1,5,6
2026-10-02T11:00:43.742+08:00,1110.0,setting,29.9,0,102,0,104556,0,87953,3.65,322859008,360697856,4036,351,377,357,378,1406,0.21,15773696,2015232,158,0,1,5,6
2026-10-02T11:01:13.779+08:00,1140.1,setting,30.0,0,108,0,104556,0,89015,3.54,323117056,360820736,4031,351,377,357,378,1437,0.10,15773696,2015232,158,0,1,5,6
2026-10-02T11:01:43.735+08:00,1170.0,setting,30.0,0,114,0,104556,0,90203,3.96,323039232,360988672,4031,351,377,357,378,1468,0.10,15773696,2015232,158,0,1,5,6
2026-10-02T11:02:13.787+08:00,1200.1,setting,30.0,0,120,0,104556,0,91421,4.06,324177920,361291776,4060,357,377,363,378,1531,0.21,15773696,2015232,158,0,1,5,6
2026-10-02T11:02:43.737+08:00,1230.0,setting,30.0,0,126,0,104556,0,92640,4.07,324079616,361435136,4058,363,377,365,378,1578,0.16,15773696,2015232,158,0,1,5,6
2026-10-02T11:03:13.787+08:00,1260.1,setting,30.0,0,132,0,104556,0,93968,4.42,324661248,361824256,4067,369,383,370,378,1625,0.16,15790080,2031616,158,0,1,5,6
2026-10-02T11:03:43.740+08:00,1290.0,setting,30.0,0,138,0,104556,0,95500,5.11,327467008,365592576,4153,375,395,381,385,1687,0.21,15790080,2031616,158,0,1,5,6
2026-10-02T11:04:13.797+08:00,1320.1,setting,30.1,0,144,0,104556,0,96625,3.74,327557120,365334528,4120,375,395,374,385,1718,0.10,15794176,2031616,158,0,1,5,6
2026-10-02T11:04:43.799+08:00,1350.1,setting,30.0,0,150,0,104556,0,97718,3.65,327184384,364867584,4084,375,395,373,385,1750,0.10,15794176,2031616,158,0,1,5,6
2026-10-02T11:05:13.757+08:00,1380.0,setting,30.0,0,156,0,104556,0,98765,3.49,324194304,359641088,4083,375,395,371,385,1781,0.10,15794176,2031616,158,0,1,5,6
2026-10-02T11:05:43.726+08:00,1410.0,setting,30.0,0,162,0,104556,0,99859,3.65,324337664,360747008,4077,375,395,372,385,1812,0.10,15794176,2031616,158,0,1,5,6
2026-10-02T11:06:13.792+08:00,1440.1,setting,30.1,0,168,0,104556,0,101031,3.90,324657152,360808448,4076,375,395,372,385,1843,0.10,15794176,2031616,158,0,1,5,6
2026-10-02T11:06:43.750+08:00,1470.0,setting,30.0,0,174,0,104556,0,102109,3.60,324505600,360898560,4075,375,395,371,385,1890,0.16,15794176,2031616,158,0,1,5,6
2026-10-02T11:07:13.798+08:00,1500.1,setting,30.0,0,180,0,104556,0,103250,3.80,323330048,360775680,4062,375,395,370,385,1921,0.10,15798272,2031616,158,0,1,5,6
2026-10-02T11:07:43.749+08:00,1530.0,setting,30.0,0,186,0,104556,0,104390,3.81,323145728,360787968,4052,375,395,370,385,1984,0.21,15798272,2031616,158,0,1,5,6
2026-10-02T11:08:13.798+08:00,1560.1,setting,30.1,0,192,0,104556,0,105468,3.59,323387392,360787968,4052,375,395,369,385,2015,0.10,15802368,2031616,158,0,1,5,6
2026-10-02T11:08:43.740+08:00,1590.0,setting,29.9,0,198,0,104556,0,106484,3.39,323268608,360939520,4057,375,395,370,385,2062,0.16,15802368,2031616,158,0,1,5,6
2026-10-02T11:09:13.790+08:00,1620.1,setting,30.0,0,204,0,104556,0,107843,4.53,324857856,361852928,4089,387,397,379,385,2109,0.16,15802368,2031616,158,0,1,5,6
2026-10-02T11:09:43.756+08:00,1650.0,setting,30.0,0,210,0,104556,0,108968,3.75,324931584,362151936,4096,399,407,386,387,2140,0.10,15802368,2031616,158,0,1,5,6
2026-10-02T11:10:13.804+08:00,1680.1,setting,30.0,0,216,0,104556,0,110281,4.37,325214208,362156032,4095,411,419,392,392,2187,0.16,15802368,2031616,158,0,1,5,6
2026-10-02T11:10:43.768+08:00,1710.1,setting,30.0,0,222,0,104556,0,111468,3.96,323489792,360632320,4071,411,421,388,394,2234,0.16,15802368,2031616,158,0,1,5,6
2026-10-02T11:11:13.737+08:00,1740.0,setting,30.0,0,228,0,104556,0,112687,4.07,324448256,361549824,4098,423,431,397,400,2281,0.16,15802368,2031616,158,0,1,5,6
2026-10-02T11:11:43.795+08:00,1770.1,setting,30.1,0,234,0,104556,0,113703,3.38,324173824,361345024,4074,423,431,394,400,2312,0.10,15802368,2031616,158,0,1,5,6
2026-10-02T11:12:13.765+08:00,1800.1,setting,30.0,0,240,0,104556,0,114750,3.49,324415488,361345024,4073,423,433,394,400,2343,0.10,15802368,2031616,158,0,1,5,6
2026-10-02T11:12:43.723+08:00,1830.0,setting,30.0,0,246,0,104556,0,115875,3.76,324173824,361345024,4073,423,433,394,400,2375,0.10,15802368,2031616,158,0,1,5,6
2026-10-02T11:13:13.777+08:00,1860.1,setting,30.1,0,252,0,104556,0,116937,3.53,324419584,361345024,4074,423,433,394,400,2421,0.16,15802368,2031616,158,0,1,5,6
2026-10-02T11:13:43.739+08:00,1890.0,setting,30.0,0,258,0,104556,0,117953,3.39,324177920,361345024,4074,423,433,394,400,2484,0.21,15822848,2064384,158,0,1,5,6
2026-10-02T11:14:13.795+08:00,1920.1,setting,30.1,0,264,0,104556,0,118890,3.12,324419584,361345024,4074,423,433,393,400,2515,0.10,15822848,2064384,158,0,1,5,6
2026-10-02T11:14:43.761+08:00,1950.0,setting,30.0,0,270,0,104556,0,119937,3.49,324132864,361267200,4066,423,433,392,400,2546,0.10,15822848,2064384,158,0,1,5,6
2026-10-02T11:15:13.721+08:00,1980.0,setting,30.0,0,276,0,104556,0,121000,3.55,324513792,361521152,4086,423,433,394,400,2609,0.21,15822848,2064384,158,0,1,5,6
2026-10-02T11:15:43.777+08:00,2010.1,setting,30.1,0,282,0,104556,0,122000,3.33,323088384,359518208,4102,423,433,396,400,2656,0.16,15826944,2064384,158,0,1,5,6
2026-10-02T11:16:13.741+08:00,2040.0,setting,30.0,0,288,0,104556,0,123140,3.81,323661824,360411136,4075,423,433,394,400,2703,0.16,15826944,2064384,158,0,1,5,6
2026-10-02T11:16:43.800+08:00,2070.1,setting,30.1,0,294,0,104556,0,124234,3.64,323424256,360411136,4076,423,433,394,400,2750,0.16,15826944,2064384,158,0,1,5,6
2026-10-02T11:17:13.746+08:00,2100.0,setting,30.0,0,300,0,104556,0,125312,3.60,323207168,360779776,4097,423,433,397,400,2781,0.10,15826944,2064384,158,0,1,5,6
2026-10-02T11:17:43.714+08:00,2130.0,setting,30.0,0,306,0,104556,0,126281,3.23,323084288,360722432,4070,423,433,393,400,2812,0.10,15826944,2064384,158,0,1,5,6
2026-10-02T11:18:13.773+08:00,2160.1,setting,30.0,0,312,0,104556,0,127406,3.74,323342336,360722432,4071,423,433,393,400,2843,0.10,15826944,2064384,158,0,1,5,6
2026-10-02T11:18:43.737+08:00,2190.0,setting,30.0,0,318,0,104556,0,128500,3.65,323100672,360722432,4071,423,433,394,400,2875,0.10,15826944,2064384,158,0,1,5,6
2026-10-02T11:19:13.784+08:00,2220.1,setting,30.1,0,324,0,104556,0,129546,3.48,323317760,360644608,4064,423,433,392,400,2921,0.16,15826944,2064384,158,0,1,5,6
2026-10-02T11:19:43.719+08:00,2250.0,setting,29.9,0,330,0,104556,0,130625,3.60,323084288,360652800,4063,423,433,393,400,2953,0.10,15826944,2064384,158,0,1,5,6
2026-10-02T11:20:13.766+08:00,2280.1,setting,30.0,0,336,0,104556,0,131687,3.54,323645440,360992768,4063,423,433,393,400,2984,0.10,15826944,2064384,158,0,1,5,6
2026-10-02T11:20:43.724+08:00,2310.0,setting,30.0,0,342,0,104556,0,132750,3.55,323416064,360996864,4062,423,433,393,400,3015,0.10,15826944,2064384,158,0,1,5,6
2026-10-02T11:21:13.773+08:00,2340.1,setting,30.1,0,348,0,104556,0,133875,3.74,322895872,360464384,4063,423,433,392,400,3046,0.10,15831040,2064384,158,0,1,5,6
2026-10-02T11:21:43.728+08:00,2370.0,setting,30.0,0,354,0,104556,0,134937,3.55,322764800,360607744,4069,423,433,394,400,3078,0.10,15831040,2064384,158,0,1,5,6
2026-10-02T11:22:13.787+08:00,2400.1,setting,30.1,0,360,0,104556,0,135984,3.48,323117056,360689664,4069,423,433,394,400,3109,0.10,15831040,2064384,158,0,1,5,6
2026-10-02T11:22:43.736+08:00,2430.0,setting,29.9,0,366,0,104556,0,137140,3.86,322879488,360689664,4069,423,433,394,400,3156,0.16,15831040,2064384,158,0,1,5,6
2026-10-02T11:23:13.802+08:00,2460.1,setting,30.1,0,372,0,104556,0,138265,3.74,323129344,360689664,4069,423,433,394,400,3187,0.10,15831040,2064384,158,0,1,5,6
2026-10-02T11:23:43.760+08:00,2490.1,setting,30.0,0,378,0,104556,0,139312,3.49,322920448,360722432,4069,423,433,394,400,3234,0.16,15831040,2064384,158,0,1,5,6
2026-10-02T11:24:13.723+08:00,2520.0,setting,30.0,0,384,0,104556,0,140359,3.50,323162112,360722432,4070,423,433,393,400,3250,0.05,15831040,2064384,158,0,1,5,6
2026-10-02T11:24:43.788+08:00,2550.1,setting,30.1,0,390,0,104556,0,141421,3.53,322895872,360644608,4063,423,433,392,400,3281,0.10,15831040,2064384,158,0,1,5,6
2026-10-02T11:25:13.752+08:00,2580.0,setting,30.0,0,396,0,104556,0,142718,4.33,373346304,411820032,4102,429,449,404,404,3343,0.21,15831040,2064384,158,0,1,5,6
2026-10-02T11:25:43.723+08:00,2610.0,setting,30.0,0,402,0,104556,0,143984,4.22,326524928,364478464,4167,423,449,407,413,3375,0.10,15831040,2064384,158,0,1,5,6
2026-10-02T11:26:13.797+08:00,2640.1,setting,30.1,0,408,0,104556,0,145171,3.95,324608000,362057728,4140,423,449,398,413,3406,0.10,15831040,2064384,158,0,1,5,6
2026-10-02T11:26:43.742+08:00,2670.0,setting,29.9,0,414,0,104556,0,146437,4.23,324509696,362180608,4138,423,449,398,413,3453,0.16,15831040,2064384,158,0,1,5,6
2026-10-02T11:27:13.811+08:00,2700.1,setting,30.1,0,420,0,104556,0,147531,3.64,324558848,361758720,4104,423,449,396,413,3484,0.10,15835136,2064384,158,0,1,5,6
2026-10-02T11:27:43.782+08:00,2730.1,setting,30.0,0,426,0,104556,0,148718,3.96,324317184,361758720,4104,423,449,397,413,3546,0.21,15835136,2064384,158,0,1,5,6
2026-10-02T11:28:13.746+08:00,2760.0,setting,30.0,0,432,0,104556,0,149796,3.60,324517888,361603072,4091,423,449,395,413,3593,0.16,15835136,2064384,158,0,1,5,6
2026-10-02T11:28:43.799+08:00,2790.1,setting,30.1,0,438,0,104556,0,151234,4.78,326246400,363773952,4163,423,451,404,413,3640,0.16,15835136,2064384,158,0,1,5,6
2026-10-02T11:29:13.765+08:00,2820.0,setting,30.0,0,444,0,104556,0,152312,3.60,326455296,363495424,4123,423,451,397,413,3671,0.10,15835136,2064384,158,0,1,5,6
2026-10-02T11:29:43.730+08:00,2850.0,setting,30.0,0,450,0,104556,0,153390,3.60,326230016,363495424,4122,423,451,397,413,3718,0.16,15835136,2064384,158,0,1,5,6
2026-10-02T11:30:13.781+08:00,2880.1,setting,30.1,0,456,0,104556,0,154468,3.59,326455296,363356160,4112,423,451,396,413,3781,0.21,15835136,2064384,158,0,1,5,6
2026-10-02T11:30:43.734+08:00,2910.0,setting,30.0,0,462,0,104556,0,155515,3.50,326172672,363278336,4107,423,451,396,413,3843,0.21,15835136,2064384,158,0,1,5,6
2026-10-02T11:31:13.785+08:00,2940.1,setting,30.1,0,468,0,104556,0,156640,3.74,326414336,363278336,4107,423,451,396,413,3906,0.21,15835136,2064384,158,0,1,5,6
2026-10-02T11:31:43.741+08:00,2970.0,setting,29.9,0,474,0,104556,0,157671,3.44,326029312,363044864,4086,423,451,393,413,3921,0.05,15835136,2064384,158,0,1,5,6
2026-10-02T11:32:13.804+08:00,3000.1,setting,30.1,0,480,0,104556,0,158703,3.43,325529600,362999808,4084,423,451,393,413,3953,0.10,15835136,2064384,158,0,1,5,6
2026-10-02T11:32:43.769+08:00,3030.1,setting,30.0,0,486,0,104556,0,159859,3.86,322928640,360636416,4071,423,451,392,413,3984,0.10,15835136,2064384,158,0,1,5,6
2026-10-02T11:33:13.730+08:00,3060.0,setting,30.0,0,492,0,104556,0,160906,3.49,323178496,360636416,4071,423,451,392,413,4062,0.26,15835136,2064384,158,0,1,5,6
2026-10-02T11:33:43.782+08:00,3090.1,setting,30.1,0,498,0,104556,0,161953,3.48,322953216,360636416,4070,423,451,392,413,4109,0.16,15835136,2064384,158,0,1,5,6
2026-10-02T11:34:13.739+08:00,3120.0,setting,30.0,0,504,0,104556,0,163046,3.65,323194880,360636416,4070,423,451,392,413,4171,0.21,15835136,2064384,158,0,1,5,6
2026-10-02T11:34:43.809+08:00,3150.1,setting,30.1,0,510,0,104556,0,164140,3.64,322957312,360640512,4070,423,451,392,413,4218,0.16,15835136,2064384,158,0,1,5,6
2026-10-02T11:35:13.778+08:00,3180.1,setting,30.0,0,516,0,104556,0,165234,3.65,323203072,360644608,4070,423,451,392,413,4265,0.16,15876096,2129920,158,0,1,5,6
2026-10-02T11:35:43.767+08:00,3210.0,setting,30.0,0,522,0,104556,0,166296,3.55,322965504,360644608,4070,423,451,392,413,4312,0.16,15876096,2129920,158,0,1,5,6
2026-10-02T11:36:13.721+08:00,3240.0,setting,30.0,0,528,0,104556,0,167421,3.75,324694016,361738240,4095,435,451,401,413,4375,0.21,15876096,2129920,158,0,1,5,6
2026-10-02T11:36:43.798+08:00,3270.1,setting,30.1,0,534,0,104556,0,168515,3.64,324820992,362201088,4117,447,455,411,413,4406,0.10,15876096,2129920,158,0,1,5,6
2026-10-02T11:37:13.762+08:00,3300.0,setting,30.0,0,540,0,104556,0,169656,3.81,325251072,362242048,4091,447,457,405,413,4437,0.10,15876096,2129920,158,0,1,5,6
2026-10-02T11:37:43.737+08:00,3330.0,setting,30.0,0,546,0,104556,0,170687,3.44,323526656,360644608,4090,447,457,404,413,4468,0.10,15876096,2129920,158,0,1,5,6
2026-10-02T11:38:13.795+08:00,3360.1,setting,30.1,0,552,0,104556,0,171671,3.27,323780608,360648704,4090,447,457,404,413,4500,0.10,15880192,2129920,158,0,1,5,6
2026-10-02T11:38:43.761+08:00,3390.0,setting,30.0,0,558,0,104556,0,172640,3.23,323543040,360648704,4090,447,457,404,413,4546,0.16,15880192,2129920,158,0,1,5,6
2026-10-02T11:39:13.721+08:00,3420.0,setting,30.0,0,564,0,104556,0,173718,3.60,323928064,360800256,4090,447,457,404,413,4578,0.10,15880192,2129920,158,0,1,5,6
2026-10-02T11:39:43.775+08:00,3450.1,setting,30.0,0,570,0,104556,0,174796,3.59,323969024,361078784,4091,447,457,405,413,4625,0.16,15880192,2129920,158,0,1,5,6
2026-10-02T11:40:13.775+08:00,3480.0,setting,30.0,0,576,0,104556,0,175812,3.39,324243456,361107456,4091,447,457,405,413,4671,0.16,15880192,2129920,158,0,1,5,6
2026-10-02T11:40:43.721+08:00,3510.0,setting,30.0,0,582,0,104556,0,176890,3.60,324026368,361119744,4090,447,457,405,413,4750,0.26,15880192,2129920,158,0,1,5,6
2026-10-02T11:41:13.784+08:00,3540.1,setting,30.1,0,588,0,104556,0,177984,3.64,324268032,361119744,4090,447,457,405,413,4781,0.10,15880192,2129920,158,0,1,5,6
2026-10-02T11:41:43.745+08:00,3570.0,setting,30.0,0,594,0,104556,0,179062,3.60,324067328,361111552,4083,447,457,404,413,4812,0.10,15880192,2129920,158,0,1,5,6
2026-10-02T11:42:13.817+08:00,3600.1,setting,30.1,0,600,0,104556,0,180109,3.48,323653632,361091072,4078,447,457,404,413,4843,0.10,15880192,2129920,158,0,1,5,6
2026-10-02T11:42:43.770+08:00,3630.1,setting,30.0,0,606,0,104556,0,181296,3.96,324685824,361992192,4111,459,469,414,417,4906,0.21,15880192,2129920,158,0,1,5,6
2026-10-02T11:43:13.727+08:00,3660.0,setting,30.0,0,612,0,104556,0,182500,4.02,324878336,361783296,4088,459,469,410,417,4937,0.10,15880192,2129920,158,0,1,5,6
2026-10-02T11:43:43.796+08:00,3690.1,setting,30.1,0,618,0,104556,0,183609,3.69,324636672,361783296,4087,459,469,411,417,4984,0.16,15880192,2129920,158,0,1,5,6
2026-10-02T11:44:13.766+08:00,3720.0,setting,30.0,0,624,0,104556,0,184625,3.39,324878336,361783296,4087,459,469,410,417,5031,0.16,15884288,2129920,158,0,1,5,6
2026-10-02T11:44:43.726+08:00,3750.0,setting,30.0,0,630,0,104556,0,185703,3.60,323444736,360538112,4087,459,469,409,417,5093,0.21,15884288,2129920,158,0,1,5,6
2026-10-02T11:45:13.784+08:00,3780.1,setting,30.1,0,636,0,104556,0,186750,3.48,323829760,360652800,4087,459,469,409,417,5125,0.10,15884288,2129920,158,0,1,5,6
2026-10-02T11:45:43.770+08:00,3810.0,setting,30.0,0,642,0,104556,0,187781,3.44,323608576,360652800,4087,459,469,409,417,5171,0.16,15884288,2129920,158,0,1,5,6
2026-10-02T11:46:13.817+08:00,3840.1,setting,30.1,0,648,0,104556,0,188859,3.59,324468736,361414656,4105,465,476,417,419,5250,0.26,15884288,2129920,158,0,1,5,6
2026-10-02T11:46:43.777+08:00,3870.1,setting,30.0,0,654,0,104556,0,189953,3.65,324173824,361259008,4090,465,476,413,419,5296,0.16,15904768,2162688,158,0,1,5,6
2026-10-02T11:47:13.745+08:00,3900.0,setting,30.0,0,660,0,104556,0,190968,3.39,324489216,361324544,4090,465,476,413,419,5312,0.05,15904768,2162688,158,0,1,5,6
2026-10-02T11:47:43.796+08:00,3930.1,setting,30.1,0,666,0,104556,0,192031,3.54,324247552,361324544,4090,465,476,413,419,5359,0.16,15904768,2162688,158,0,1,5,6
2026-10-02T11:48:13.761+08:00,3960.0,setting,30.0,0,672,0,104556,0,193078,3.49,324509696,361345024,4090,465,476,413,419,5390,0.10,15904768,2162688,158,0,1,5,6
2026-10-02T11:48:43.731+08:00,3990.0,setting,30.0,0,678,0,104556,0,194125,3.49,324300800,361373696,4090,465,476,413,419,5437,0.16,15904768,2162688,158,0,1,5,6
2026-10-02T11:49:13.800+08:00,4020.1,setting,30.1,0,684,0,104556,0,195187,3.53,324562944,361385984,4089,465,476,413,419,5468,0.10,15904768,2162688,158,0,1,5,6
2026-10-02T11:49:43.766+08:00,4050.1,setting,30.0,0,690,0,104556,0,196140,3.18,324321280,361385984,4089,465,476,413,419,5515,0.16,15908864,2162688,158,0,1,5,6
2026-10-02T11:50:13.722+08:00,4080.0,setting,30.0,0,696,0,104556,0,197187,3.49,324571136,361394176,4089,465,476,413,419,5562,0.16,15908864,2162688,158,0,1,5,6
2026-10-02T11:50:43.780+08:00,4110.1,setting,30.1,0,702,0,104556,0,198250,3.54,324329472,361394176,4089,465,476,413,419,5625,0.21,15908864,2162688,158,0,1,5,6
2026-10-02T11:51:13.738+08:00,4140.0,setting,30.0,0,708,0,104556,0,199281,3.44,323719168,360566784,4089,465,476,412,419,5671,0.16,15908864,2162688,158,0,1,5,6
2026-10-02T11:51:43.801+08:00,4170.1,setting,30.1,0,714,0,104556,0,200328,3.48,323715072,360767488,4090,465,476,412,419,5718,0.16,15912960,2162688,158,0,1,5,6
2026-10-02T11:52:13.751+08:00,4200.0,setting,30.0,0,720,0,104556,0,201406,3.60,323342336,360775680,4085,465,476,412,419,5765,0.16,15912960,2162688,158,0,1,5,6
2026-10-02T11:52:43.803+08:00,4230.1,setting,30.1,0,726,0,104556,0,202437,3.43,323100672,360775680,4085,465,476,412,419,5796,0.10,15912960,2162688,158,0,1,5,6
2026-10-02T11:53:13.745+08:00,4260.0,setting,29.9,0,732,0,104556,0,203500,3.55,323530752,360984576,4085,465,476,412,419,5812,0.05,15912960,2162688,158,0,1,5,6
2026-10-02T11:53:43.812+08:00,4290.1,setting,30.1,0,738,0,104556,0,204468,3.22,323424256,361123840,4084,465,476,412,419,5828,0.05,15912960,2162688,158,0,1,5,6
2026-10-02T11:54:13.775+08:00,4320.1,setting,30.0,0,744,0,104556,0,205437,3.23,323686400,361140224,4084,465,476,412,419,5890,0.21,15912960,2162688,158,0,1,5,6
2026-10-02T11:54:43.736+08:00,4350.0,setting,30.0,0,750,0,104556,0,206500,3.55,323457024,361140224,4084,465,476,412,419,5921,0.10,15912960,2162688,158,0,1,5,6
2026-10-02T11:55:13.793+08:00,4380.1,setting,30.1,0,756,0,104556,0,207515,3.38,323706880,361140224,4084,465,476,412,419,5968,0.16,15917056,2162688,158,0,1,5,6
2026-10-02T11:55:43.758+08:00,4410.0,setting,30.0,0,762,0,104556,0,208609,3.65,323563520,361201664,4085,465,476,413,419,6000,0.10,15917056,2162688,158,0,1,5,6
2026-10-02T11:56:13.720+08:00,4440.0,setting,30.0,0,768,0,104556,0,209734,3.75,323809280,361349120,4085,465,476,414,419,6031,0.10,15917056,2162688,158,0,1,5,6
2026-10-02T11:56:43.790+08:00,4470.1,setting,30.1,0,774,0,104556,0,211359,5.40,325713920,363679744,4207,466,480,420,424,6078,0.16,15917056,2162688,158,0,1,5,6
2026-10-02T11:57:13.756+08:00,4500.0,setting,30.0,0,780,0,104556,0,212421,3.55,326275072,363982848,4202,466,480,419,424,6109,0.10,15917056,2162688,158,0,1,5,6
2026-10-02T11:57:43.711+08:00,4530.0,setting,30.0,0,786,0,104556,0,213453,3.44,324706304,363872256,4099,465,480,415,424,6156,0.16,15917056,2162688,158,0,1,5,6
2026-10-02T11:58:13.770+08:00,4560.1,setting,30.1,0,792,0,104556,0,214515,3.53,324927488,363794432,4093,465,480,414,424,6187,0.10,15917056,2162688,158,0,1,5,6
2026-10-02T11:58:43.741+08:00,4590.0,setting,30.0,0,798,0,104556,0,215562,3.49,324685824,363794432,4093,465,480,414,424,6234,0.16,15917056,2162688,158,0,1,5,6
2026-10-02T11:59:13.795+08:00,4620.1,setting,30.1,0,804,0,104556,0,216609,3.48,324927488,363794432,4093,465,480,414,424,6265,0.10,15917056,2162688,158,0,1,5,6
2026-10-02T11:59:43.758+08:00,4650.1,setting,30.0,0,810,0,104556,0,217687,3.60,324685824,363741184,4085,465,480,413,424,6296,0.10,15917056,2162688,158,0,1,5,6
2026-10-02T12:00:13.712+08:00,4680.0,setting,30.0,0,816,0,104556,0,218734,3.49,324927488,363741184,4085,465,480,413,424,6328,0.10,15937536,2183168,158,0,1,5,6
2026-10-02T12:00:43.767+08:00,4710.1,setting,30.1,0,822,0,104556,0,219703,3.22,323276800,361005056,4085,465,480,412,424,6359,0.10,15937536,2183168,158,0,1,5,6
2026-10-02T12:01:13.740+08:00,4740.0,setting,30.0,0,828,0,104556,0,220750,3.49,323641344,361119744,4085,465,480,412,424,6390,0.10,15941632,2183168,158,0,1,5,6
2026-10-02T12:01:43.799+08:00,4770.1,setting,30.1,0,834,0,104556,0,221781,3.43,323432448,361152512,4085,465,480,412,424,6421,0.10,15941632,2183168,158,0,1,5,6
2026-10-02T12:02:13.750+08:00,4800.0,setting,30.0,0,840,0,104556,0,223015,4.12,324886528,361828352,4110,477,491,422,425,6453,0.10,15941632,2183168,158,0,1,5,6
2026-10-02T12:02:43.810+08:00,4830.1,setting,30.0,0,846,0,104556,0,224296,4.26,324734976,361906176,4114,489,503,429,431,6500,0.16,15941632,2183168,158,0,1,5,6
2026-10-02T12:03:13.774+08:00,4860.1,setting,30.0,0,852,0,104556,0,225406,3.70,324997120,361824256,4099,489,503,425,431,6531,0.10,15941632,2183168,158,0,1,5,6
2026-10-02T12:03:43.736+08:00,4890.0,setting,30.0,0,858,0,104556,0,226500,3.65,324755456,361824256,4099,489,503,425,431,6562,0.10,15941632,2183168,158,0,1,5,6
2026-10-02T12:04:13.802+08:00,4920.1,setting,30.1,0,864,0,104556,0,228234,5.77,338886656,376229888,4253,489,503,442,445,6625,0.21,15941632,2183168,158,0,1,5,6
2026-10-02T12:04:43.749+08:00,4950.0,setting,30.0,0,870,0,104556,0,229796,5.22,340684800,376225792,4431,493,528,437,450,6703,0.26,16109568,2183168,158,0,1,5,6
2026-10-02T12:05:13.791+08:00,4980.1,setting,30.0,0,876,0,104556,0,230984,3.95,340922368,376180736,4428,493,528,436,450,6718,0.05,16109568,2183168,158,0,1,5,6
2026-10-02T12:05:43.759+08:00,5010.0,setting,30.0,0,882,0,104556,0,232093,3.70,339664896,376098816,4307,493,528,433,450,6750,0.10,16109568,2183168,158,0,1,5,6
2026-10-02T12:06:13.816+08:00,5040.1,setting,30.1,0,888,0,104556,0,233125,3.43,339709952,375631872,4276,493,528,433,450,6781,0.10,16109568,2183168,158,0,1,5,6
2026-10-02T12:06:43.775+08:00,5070.1,setting,30.0,0,894,0,104556,0,234375,4.17,339558400,375832576,4295,505,528,442,450,6843,0.21,16134144,2215936,158,0,1,5,6
2026-10-02T12:07:13.739+08:00,5100.0,setting,30.0,0,900,0,104556,0,235515,3.81,329019392,364560384,4263,517,528,443,452,6875,0.10,16134144,2215936,158,0,1,5,6
2026-10-02T12:07:43.803+08:00,5130.1,setting,30.1,0,906,0,104556,0,236656,3.79,328716288,364490752,4239,517,528,439,452,6921,0.16,16134144,2215936,158,0,1,5,6
2026-10-02T12:08:13.777+08:00,5160.1,setting,30.0,0,912,0,104556,0,237765,3.70,328945664,364437504,4229,517,528,438,452,6953,0.10,16113664,2183168,158,0,1,5,6
2026-10-02T12:08:43.751+08:00,5190.0,setting,30.0,0,918,0,104556,0,239140,4.59,328781824,364593152,4249,529,539,448,452,6984,0.10,16117760,2183168,158,0,1,5,6
2026-10-02T12:09:13.807+08:00,5220.1,setting,30.1,0,924,0,104556,0,240218,3.59,329015296,364523520,4239,529,539,444,452,7046,0.21,16117760,2183168,158,0,1,5,6
2026-10-02T12:09:43.779+08:00,5250.1,setting,30.0,0,930,0,104556,0,241296,3.60,328855552,364662784,4244,529,539,445,452,7078,0.10,16117760,2183168,158,0,1,5,6
2026-10-02T12:10:13.739+08:00,5280.0,setting,30.0,0,936,0,104556,0,242453,3.86,329097216,364658688,4244,529,539,445,452,7109,0.10,16117760,2183168,158,0,1,5,6
2026-10-02T12:10:43.797+08:00,5310.1,setting,30.1,0,942,0,104556,0,244000,5.15,340598784,377212928,4375,529,539,461,464,7140,0.10,16117760,2183168,158,0,1,5,6
2026-10-02T12:11:13.761+08:00,5340.0,setting,30.0,0,948,0,104556,0,245750,5.84,342351872,377368576,4465,529,570,456,471,7171,0.10,16117760,2183168,158,0,1,5,6
2026-10-02T12:11:43.735+08:00,5370.0,setting,30.0,0,954,0,104556,0,246828,3.60,342069248,377290752,4457,529,570,455,471,7218,0.16,16117760,2183168,158,0,1,5,6
2026-10-02T12:12:13.797+08:00,5400.1,setting,30.1,0,960,0,104556,0,248031,4.00,329719808,366481408,4349,535,570,460,471,7281,0.21,16117760,2183168,158,0,1,5,6
2026-10-02T12:12:43.747+08:00,5430.0,setting,30.0,0,966,0,104556,0,249078,3.49,329400320,365957120,4298,535,570,454,471,7328,0.16,16117760,2183168,158,0,1,5,6
2026-10-02T12:13:13.812+08:00,5460.1,setting,30.1,0,972,0,104556,0,250296,4.06,330022912,366321664,4316,547,570,463,471,7343,0.05,16134144,2203648,158,0,1,5,6
2026-10-02T12:13:43.781+08:00,5490.1,setting,30.0,0,978,0,104556,0,251437,3.81,329715712,366170112,4301,547,570,460,471,7375,0.10,16138240,2203648,158,0,1,5,6
2026-10-02T12:14:13.739+08:00,5520.0,setting,30.0,0,984,0,104556,0,252531,3.65,329715712,365776896,4264,547,570,455,471,7406,0.10,16138240,2203648,158,0,1,5,6
2026-10-02T12:14:43.801+08:00,5550.1,setting,30.1,0,990,0,104556,0,253578,3.48,329474048,365776896,4264,547,570,455,471,7437,0.10,16138240,2203648,158,0,1,5,6
2026-10-02T12:15:13.771+08:00,5580.1,setting,30.0,0,996,0,104556,0,254609,3.44,329670656,365703168,4253,547,570,454,471,7468,0.10,16138240,2203648,158,0,1,5,6
2026-10-02T12:15:43.722+08:00,5610.0,setting,30.0,0,1002,0,104556,0,255656,3.50,329486336,365785088,4258,547,570,454,471,7515,0.16,16138240,2203648,158,0,1,5,6
2026-10-02T12:16:13.787+08:00,5640.1,setting,30.1,0,1008,0,104556,0,256750,3.64,329973760,366067712,4252,547,570,453,471,7546,0.10,16138240,2203648,158,0,1,5,6
2026-10-02T12:16:43.745+08:00,5670.0,setting,30.0,0,1014,0,104556,0,257875,3.75,329732096,366059520,4253,547,570,453,471,7593,0.16,16138240,2203648,158,0,1,5,6
2026-10-02T12:17:13.796+08:00,5700.1,setting,30.0,0,1020,0,104556,0,258906,3.43,327069696,362856448,4242,547,570,452,471,7625,0.10,16138240,2203648,158,0,1,5,6
2026-10-02T12:17:43.754+08:00,5730.0,setting,30.0,0,1026,0,104556,0,259968,3.55,327266304,364003328,4241,547,570,452,471,7640,0.05,16203776,2338816,158,0,1,5,6
2026-10-02T12:18:13.722+08:00,5760.0,setting,30.0,0,1032,0,104556,0,261031,3.55,327577600,364064768,4241,547,570,452,471,7687,0.16,16207872,2338816,158,0,1,5,6
2026-10-02T12:18:43.794+08:00,5790.1,setting,30.1,0,1038,0,104556,0,262031,3.33,327487488,364220416,4241,547,570,452,471,7718,0.10,16207872,2338816,158,0,1,5,6
2026-10-02T12:19:13.747+08:00,5820.0,setting,30.0,0,1044,0,104556,0,263015,3.29,327761920,364244992,4241,547,570,452,471,7765,0.16,16207872,2338816,158,0,1,5,6
2026-10-02T12:19:43.811+08:00,5850.1,setting,30.1,0,1050,0,104556,0,264062,3.48,327520256,364244992,4241,547,570,452,471,7796,0.10,16207872,2338816,158,0,1,5,6
2026-10-02T12:20:13.764+08:00,5880.1,setting,30.0,0,1056,0,104556,0,265125,3.55,327860224,364351488,4241,547,570,453,471,7812,0.05,16207872,2338816,158,0,1,5,6
2026-10-02T12:20:43.721+08:00,5910.0,setting,30.0,0,1062,0,104556,0,266109,3.29,327651328,364429312,4248,547,570,454,471,7843,0.10,16207872,2338816,158,0,1,5,6
2026-10-02T12:21:13.775+08:00,5940.1,setting,30.1,0,1068,0,104556,0,267078,3.22,327925760,364449792,4248,547,570,454,471,7890,0.16,16207872,2338816,158,0,1,5,6
2026-10-02T12:21:43.721+08:00,5970.0,setting,29.9,0,1074,0,104556,0,268187,3.71,329011200,365584384,4282,559,570,465,471,7937,0.16,16207872,2338816,158,0,1,5,6
2026-10-02T12:22:13.775+08:00,6000.1,setting,30.1,0,1080,0,104556,0,269312,3.74,329240576,365400064,4258,559,570,460,471,7984,0.16,16207872,2338816,158,0,1,5,6
2026-10-02T12:22:43.730+08:00,6030.0,setting,30.0,0,1086,0,104556,0,270703,4.64,329568256,366129152,4290,577,587,475,478,8015,0.10,16207872,2338816,158,0,1,5,6
2026-10-02T12:23:13.793+08:00,6060.1,setting,30.1,0,1092,0,104556,0,271796,3.64,329736192,365903872,4266,577,587,470,478,8046,0.10,16207872,2338816,158,0,1,5,6
2026-10-02T12:23:43.751+08:00,6090.0,setting,30.0,0,1098,0,104556,0,272859,3.55,329494528,365895680,4265,577,587,470,478,8078,0.10,16211968,2338816,158,0,1,5,6
2026-10-02T12:24:13.809+08:00,6120.1,setting,30.1,0,1104,0,104556,0,273875,3.38,329703424,365817856,4258,577,587,469,478,8109,0.10,16211968,2338816,158,0,1,5,6
2026-10-02T12:24:43.778+08:00,6150.1,setting,30.0,0,1110,0,104556,0,274953,3.60,329478144,365895680,4262,577,587,469,478,8140,0.10,16211968,2338816,158,0,1,5,6
2026-10-02T12:25:13.734+08:00,6180.0,setting,30.0,0,1116,0,104556,0,276015,3.55,328077312,364183552,4265,577,587,469,478,8171,0.10,16211968,2338816,158,0,1,5,6
2026-10-02T12:25:43.790+08:00,6210.1,setting,30.1,0,1122,0,104556,0,277031,3.38,327909376,364212224,4265,577,587,469,478,8203,0.10,16216064,2338816,158,0,1,5,6
2026-10-02T12:26:13.759+08:00,6240.0,setting,30.0,0,1128,0,104556,0,278062,3.44,328269824,364331008,4265,577,587,469,478,8234,0.10,16224256,2338816,158,0,1,5,6
2026-10-02T12:26:43.805+08:00,6270.1,setting,30.1,0,1134,0,104556,0,279031,3.22,328187904,364523520,4265,577,587,469,478,8265,0.10,16224256,2338816,158,0,1,5,6
2026-10-02T12:27:13.761+08:00,6300.0,setting,30.0,0,1140,0,104556,0,280046,3.39,327921664,364642304,4260,577,587,469,478,8312,0.16,16224256,2338816,158,0,1,5,6
2026-10-02T12:27:43.726+08:00,6330.0,setting,30.0,0,1146,0,104556,0,281031,3.29,327692288,364654592,4260,577,587,469,478,8359,0.16,16224256,2338816,158,0,1,5,6
2026-10-02T12:28:13.797+08:00,6360.1,setting,30.1,0,1152,0,104556,0,282156,3.74,329330688,365588480,4286,589,597,481,481,8390,0.10,16224256,2338816,158,0,1,5,6
2026-10-02T12:28:43.737+08:00,6390.0,setting,29.9,0,1158,0,104556,0,283218,3.55,329052160,365436928,4270,589,599,476,483,8421,0.10,16224256,2338816,158,0,1,5,6
2026-10-02T12:29:13.798+08:00,6420.1,setting,30.1,0,1164,0,104556,0,284250,3.43,329342976,365494272,4269,589,599,476,483,8453,0.10,16228352,2338816,158,0,1,5,6
2026-10-02T12:29:43.756+08:00,6450.0,setting,30.0,0,1170,0,104556,0,285359,3.70,329105408,365494272,4269,589,599,476,483,8500,0.16,16228352,2338816,158,0,1,5,6
2026-10-02T12:30:13.724+08:00,6480.0,setting,30.0,0,1176,0,104556,0,286453,3.65,329347072,365494272,4269,589,599,476,483,8562,0.21,16228352,2338816,158,0,1,5,6
2026-10-02T12:30:43.778+08:00,6510.1,setting,30.1,0,1182,0,104556,0,287468,3.38,329064448,365416448,4262,589,599,475,483,8593,0.10,16228352,2338816,158,0,1,5,6
2026-10-02T12:31:13.734+08:00,6540.0,setting,29.9,0,1188,0,104556,0,288562,3.65,329306112,365416448,4262,589,599,475,483,8609,0.05,16228352,2338816,158,0,1,5,6
2026-10-02T12:31:43.788+08:00,6570.1,setting,30.1,0,1194,0,104556,0,290015,4.83,330403840,366632960,4381,595,605,489,490,8640,0.10,16228352,2338816,158,0,1,5,6
2026-10-02T12:32:13.743+08:00,6600.0,setting,30.0,0,1200,0,104556,0,291062,3.49,330780672,366669824,4363,595,605,486,492,8671,0.10,16228352,2338816,158,0,1,5,6
2026-10-02T12:32:43.814+08:00,6630.1,setting,30.1,0,1206,0,104556,0,292078,3.38,330022912,366596096,4286,595,605,481,492,8734,0.21,16228352,2338816,158,0,1,5,6
2026-10-02T12:33:13.783+08:00,6660.1,setting,30.0,0,1212,0,104556,0,293062,3.28,327581696,362823680,4286,595,605,480,492,8765,0.10,16228352,2338816,158,0,1,5,6
2026-10-02T12:33:43.732+08:00,6690.0,setting,30.0,0,1218,0,104556,0,294031,3.23,327827456,364105728,4286,595,605,480,492,8843,0.26,16228352,2338816,158,0,1,5,6
2026-10-02T12:34:13.799+08:00,6720.1,setting,30.1,0,1224,0,104556,0,295062,3.43,328019968,364089344,4265,595,605,477,492,8859,0.05,16228352,2338816,158,0,1,5,6
2026-10-02T12:34:43.762+08:00,6750.0,setting,30.0,0,1230,0,104556,0,296046,3.29,327782400,364081152,4264,595,605,477,492,8890,0.10,16228352,2338816,158,0,1,5,6
2026-10-02T12:35:13.803+08:00,6780.1,setting,30.1,0,1236,0,104556,0,297078,3.43,328060928,364118016,4264,595,605,477,492,8953,0.21,16232448,2338816,158,0,1,5,6
2026-10-02T12:35:43.772+08:00,6810.1,setting,30.0,0,1242,0,104556,0,298093,3.39,327950336,364265472,4264,595,605,477,492,8984,0.10,16232448,2338816,158,0,1,5,6
2026-10-02T12:36:13.737+08:00,6840.0,setting,30.0,0,1248,0,104556,0,299093,3.34,328212480,364269568,4264,595,605,477,492,9046,0.21,16232448,2338816,158,0,1,5,6
2026-10-02T12:36:43.800+08:00,6870.1,setting,30.1,0,1254,0,104556,0,300171,3.59,327974912,364277760,4265,595,605,477,492,9093,0.16,16232448,2338816,158,0,1,5,6
2026-10-02T12:37:13.762+08:00,6900.0,setting,30.0,0,1260,0,104556,0,301281,3.70,327557120,364244992,4260,595,605,477,492,9125,0.10,16232448,2338816,158,0,1,5,6
2026-10-02T12:37:43.716+08:00,6930.0,setting,30.0,0,1266,0,104556,0,302218,3.13,327319552,364244992,4259,595,605,477,492,9171,0.16,16232448,2338816,158,0,1,5,6
2026-10-02T12:38:13.784+08:00,6960.1,setting,30.1,0,1272,0,104556,0,303218,3.33,327614464,364306432,4259,595,605,477,492,9218,0.16,16232448,2338816,158,0,1,5,6
2026-10-02T12:38:43.732+08:00,6990.0,setting,30.0,0,1278,0,104556,0,304265,3.49,327372800,364314624,4259,595,605,477,492,9234,0.05,16232448,2338816,158,0,1,5,6
2026-10-02T12:39:13.787+08:00,7020.1,setting,30.1,0,1284,0,104556,0,305328,3.54,327614464,364306432,4259,595,605,477,492,9265,0.10,16232448,2338816,158,0,1,5,6
2026-10-02T12:39:43.757+08:00,7050.0,setting,30.0,0,1290,0,104556,0,306296,3.23,327393280,364445696,4170,595,605,477,492,9296,0.10,16232448,2338816,158,0,1,5,6
2026-10-02T12:40:13.725+08:00,7080.0,setting,30.0,0,1296,0,104556,0,307390,3.65,327639040,364445696,4170,595,605,477,492,9343,0.16,16232448,2338816,158,0,1,5,6
2026-10-02T12:40:43.795+08:00,7110.1,setting,30.1,0,1302,0,104556,0,308406,3.38,327397376,364453888,4170,595,605,477,492,9375,0.10,16236544,2338816,158,0,1,5,6
2026-10-02T12:41:13.771+08:00,7140.1,setting,30.0,0,1308,0,104556,0,309343,3.13,327639040,364445696,4170,595,605,477,492,9421,0.16,16236544,2338816,158,0,1,5,6
2026-10-02T12:41:43.744+08:00,7170.0,setting,30.0,0,1314,0,104556,0,310312,3.23,327397376,364453888,4170,595,605,477,492,9468,0.16,16236544,2338816,158,0,1,5,6
2026-10-02T12:42:13.803+08:00,7200.1,setting,30.1,0,1320,0,104556,0,311312,3.33,327643136,364453888,4170,595,605,477,492,9500,0.10,16236544,2338816,158,0,1,5,6
2026-10-02T12:42:43.775+08:00,7230.1,setting,30.0,0,1326,0,104556,0,312343,3.44,327405568,364445696,4170,595,605,477,492,9515,0.05,16236544,2338816,158,0,1,5,6
2026-10-02T12:43:13.742+08:00,7260.0,setting,30.0,0,1332,0,104556,0,313312,3.23,327647232,364445696,4170,595,605,477,492,9562,0.16,16236544,2338816,158,0,1,5,6
2026-10-02T12:43:43.809+08:00,7290.1,setting,30.1,0,1338,0,104556,0,314265,3.17,327467008,364511232,4171,595,605,477,492,9593,0.10,16236544,2338816,158,0,1,5,6
2026-10-02T12:44:13.767+08:00,7320.0,setting,30.0,0,1344,0,104556,0,315328,3.55,327737344,364539904,4170,595,605,477,492,9625,0.10,16236544,2338816,158,0,1,5,6
2026-10-02T12:44:43.731+08:00,7350.0,setting,30.0,0,1350,0,104556,0,316328,3.34,327495680,364539904,4170,595,605,477,492,9656,0.10,16236544,2338816,158,0,1,5,6
2026-10-02T12:45:13.791+08:00,7380.1,setting,30.1,0,1356,0,104556,0,317437,3.69,327852032,364662784,4170,595,605,477,492,9687,0.10,16236544,2338816,158,0,1,5,6
2026-10-02T12:45:43.725+08:00,7410.0,setting,29.9,0,1362,0,104556,0,318531,3.65,327737344,364797952,4170,595,605,477,492,9718,0.10,16236544,2338816,158,0,1,5,6
2026-10-02T12:46:13.785+08:00,7440.1,setting,30.1,0,1368,0,104556,0,319687,3.85,328003584,364802048,4170,595,605,478,492,9765,0.16,16236544,2338816,158,0,1,5,6
2026-10-02T12:46:43.735+08:00,7470.0,setting,29.9,0,1374,0,104556,0,320718,3.44,327761920,364802048,4170,595,605,478,492,9781,0.05,16240640,2338816,158,0,1,5,6
2026-10-02T12:47:13.794+08:00,7500.1,setting,30.1,0,1380,0,104556,0,321828,3.69,328003584,364802048,4170,595,605,478,492,9796,0.05,16240640,2338816,158,0,1,5,6
2026-10-02T12:47:43.749+08:00,7530.0,setting,30.0,0,1386,0,104556,0,322812,3.29,327761920,364802048,4170,595,605,478,492,9812,0.05,16240640,2338816,158,0,1,5,6
2026-10-02T12:48:13.819+08:00,7560.1,setting,30.1,0,1392,0,104556,0,323781,3.22,328024064,364830720,4170,595,605,478,492,9859,0.16,16240640,2338816,158,0,1,5,6
2026-10-02T12:48:43.762+08:00,7590.0,setting,30.0,0,1398,0,104556,0,324906,3.76,327786496,364838912,4170,595,605,478,492,9890,0.10,16240640,2338816,158,0,1,5,6
2026-10-02T12:49:13.825+08:00,7620.1,setting,30.1,0,1404,0,104556,0,326000,3.64,328028160,364830720,4170,595,605,478,492,9937,0.16,16240640,2338816,158,0,1,5,6
2026-10-02T12:49:43.785+08:00,7650.1,setting,30.0,0,1410,0,104556,0,327078,3.60,327815168,364908544,4177,595,605,479,492,9984,0.16,16240640,2338816,158,0,1,5,6
2026-10-02T12:50:13.735+08:00,7680.0,setting,30.0,0,1416,0,104556,0,328093,3.39,328056832,364908544,4177,595,605,479,492,10015,0.10,16240640,2338816,158,0,1,5,6
2026-10-02T12:50:43.795+08:00,7710.1,setting,30.1,0,1422,0,104556,0,329078,3.28,327815168,364916736,4177,595,605,479,492,10031,0.05,16281600,2408448,158,0,1,5,6
2026-10-02T12:51:13.753+08:00,7740.0,setting,30.0,0,1428,0,104556,0,330062,3.29,326823936,363352064,4177,595,605,478,492,10062,0.10,16281600,2408448,158,0,1,5,6
2026-10-02T12:51:43.807+08:00,7770.1,setting,30.1,0,1434,0,104556,0,331062,3.33,326860800,363884544,4184,595,605,479,492,10109,0.16,16281600,2408448,158,0,1,5,6
2026-10-02T12:52:13.761+08:00,7800.0,cooldown,30.0,0,1440,0,104556,0,332078,3.39,327192576,363945984,4184,595,605,479,492,10156,0.16,16285696,2408448,158,0,1,5,6
2026-10-02T12:52:43.794+08:00,7830.1,cooldown,30.0,0,1440,0,104556,0,332078,0.00,326656000,363868160,4173,595,605,478,492,10171,0.05,16285696,2408448,158,0,1,5,6
2026-10-02T12:53:13.722+08:00,7860.0,cooldown,29.9,0,1440,0,104556,0,332078,0.00,326873088,363790336,4166,595,605,477,492,10203,0.10,16285696,2408448,158,0,1,5,6
2026-10-02T12:53:43.767+08:00,7890.0,cooldown,30.0,0,1440,0,104556,0,332078,0.00,326631424,363790336,4166,595,605,477,492,10218,0.05,16285696,2408448,158,0,1,5,6
2026-10-02T12:54:13.809+08:00,7920.1,cooldown,30.0,0,1440,0,104556,0,332078,0.00,326873088,363790336,4166,595,605,477,492,10265,0.16,16265216,2371584,156,0,1,5,6
2026-10-02T12:54:43.742+08:00,7950.0,cooldown,29.9,0,1440,0,104556,0,332078,0.00,326631424,363790336,4166,595,605,477,492,10296,0.10,16265216,2371584,156,0,1,5,6
2026-10-02T12:55:13.775+08:00,7980.1,cooldown,30.0,0,1440,0,104556,0,332078,0.00,326848512,363708416,4159,595,605,476,492,10312,0.05,16265216,2371584,156,0,1,5,6
2026-10-02T12:55:43.807+08:00,8010.1,cooldown,30.0,0,1440,0,104556,0,332078,0.00,326606848,363708416,4159,595,605,476,492,10359,0.16,16265216,2371584,156,0,1,5,6
2026-10-02T12:56:13.748+08:00,8040.0,cooldown,29.9,0,1440,0,104556,0,332078,0.00,326905856,363765760,4159,595,605,476,492,10406,0.16,16265216,2371584,156,0,1,5,6
2026-10-02T12:56:43.782+08:00,8070.1,cooldown,30.0,0,1440,0,104556,0,333406,4.42,342343680,378048512,4486,595,610,506,506,10453,0.16,16265216,2371584,156,0,1,5,6
2026-10-02T12:57:13.805+08:00,8100.1,cooldown,30.0,0,1440,0,104556,0,333906,1.67,343887872,378458112,4509,595,643,496,512,10484,0.10,16265216,2371584,156,0,1,5,6
2026-10-02T12:57:43.742+08:00,8130.0,cooldown,29.9,0,1440,0,104556,0,333906,0.00,343605248,378380288,4501,595,643,494,512,10531,0.16,16265216,2371584,156,0,1,5,6
2026-10-02T12:58:13.783+08:00,8160.1,cooldown,30.0,0,1440,0,104556,0,333921,0.05,342192128,378363904,4307,595,643,489,512,10546,0.05,16265216,2371584,156,0,1,5,6
2026-10-02T12:58:43.809+08:00,8190.1,cooldown,30.0,0,1440,0,104556,0,333921,0.00,341598208,377663488,4250,595,643,485,512,10578,0.10,16269312,2371584,156,0,1,5,6
2026-10-02T12:59:13.753+08:00,8220.0,cooldown,29.9,0,1440,0,104556,0,333937,0.05,341839872,377663488,4249,595,643,485,512,10609,0.10,16269312,2371584,156,0,1,5,6
2026-10-02T12:59:43.795+08:00,8250.1,cooldown,30.0,0,1440,0,104556,0,333937,0.00,341250048,377036800,4179,595,643,477,512,10640,0.10,16269312,2371584,156,0,1,5,6
2026-10-02T13:00:13.731+08:00,8280.0,cooldown,29.9,0,1440,0,104556,0,333937,0.00,341491712,377036800,4179,595,643,477,512,10671,0.10,16269312,2371584,156,0,1,5,6
2026-10-02T13:00:43.778+08:00,8310.0,cooldown,30.0,0,1440,0,104556,0,333937,0.00,341250048,377036800,4178,595,643,477,512,10718,0.16,16269312,2371584,156,0,1,5,6
2026-10-02T13:01:13.817+08:00,8340.1,cooldown,30.0,0,1440,0,104556,0,333953,0.05,341491712,377036800,4178,595,643,477,512,10750,0.10,16269312,2371584,156,0,1,5,6
2026-10-02T13:01:43.750+08:00,8370.0,cooldown,29.9,0,1440,0,104556,0,333984,0.10,328904704,363851776,4184,595,643,476,512,10781,0.10,16269312,2371584,156,0,1,5,6
2026-10-02T13:02:13.779+08:00,8400.1,cooldown,30.0,0,1440,0,104556,0,334000,0.05,327696384,363773952,4175,595,643,476,512,10812,0.10,16269312,2371584,156,0,1,5,6
