ts,elapsed_s,phase,gap_s,locked,set_ok,set_fail,exp_pid,exp_pid_changed,exp_cpu_ms,exp_cpu_pct_1core,exp_ws_bytes,exp_private_bytes,exp_handles,exp_gdi,exp_gdi_peak,exp_user,exp_user_peak,self_cpu_ms,self_cpu_pct_1core,self_ws_bytes,self_private_bytes,self_handles,self_gdi,self_gdi_peak,self_user,self_user_peak,sample_kind,set_cycle,idle_s,exp_top_windows,exp_top_visible
2026-10-03T11:12:58.884+08:00,0.0,baseline,,0,0,0,104556,0,438421,,361558016,395444224,4526,991,1019,701,714,46,,15269888,1781760,153,0,1,5,5,periodic,,615.9,44,8
2026-10-03T11:13:08.930+08:00,10.0,baseline,10.0,0,0,0,104556,0,438484,0.62,363692032,398753792,4538,991,1019,702,714,93,0.47,16535552,1798144,153,0,1,5,5,periodic,,626.0,44,8
2026-10-03T11:13:23.917+08:00,25.0,setting,15.0,0,1,0,104556,0,439265,5.21,406274048,441753600,4540,993,1019,704,714,140,0.31,16564224,1818624,153,0,1,5,5,post_set,0,640.9,44,8
2026-10-03T11:13:33.987+08:00,35.1,setting,10.1,0,2,0,104556,0,440015,7.45,406134784,441675776,4525,993,1019,701,714,171,0.31,16556032,1822720,152,0,1,5,5,post_set,1,651.0,44,8
2026-10-03T11:13:43.961+08:00,45.1,setting,10.0,0,3,0,104556,0,440437,4.23,406253568,441794560,4525,993,1019,701,714,203,0.31,16556032,1822720,152,0,1,5,5,post_set,2,661.0,44,8
2026-10-03T11:13:53.930+08:00,55.0,setting,10.0,0,4,0,104556,0,440859,4.23,406134784,441675776,4525,993,1019,701,714,250,0.47,16556032,1822720,152,0,1,5,5,post_set,3,671.0,44,8
2026-10-03T11:14:03.993+08:00,65.1,setting,10.1,0,5,0,104556,0,441250,3.88,406499328,441794560,4531,993,1019,702,714,281,0.31,16543744,1789952,152,0,1,5,5,post_set,4,681.0,44,8
2026-10-03T11:14:13.969+08:00,75.1,setting,10.0,0,6,0,104556,0,441656,4.08,406343680,441520128,4525,993,1019,701,714,312,0.31,16535552,1757184,150,0,1,5,5,post_set,5,691.0,44,8
2026-10-03T11:14:19.319+08:00,80.4,cooldown,5.4,0,6,0,104556,0,441687,0.58,356773888,391856128,4525,991,1019,700,714,343,0.58,16535552,1757184,150,0,1,5,5,periodic,,696.3,44,8
2026-10-03T11:14:29.289+08:00,90.4,cooldown,10.0,0,6,0,104556,0,441687,0.00,356290560,391856128,4525,991,1019,700,714,390,0.47,16535552,1757184,150,0,1,5,5,periodic,,706.3,44,8
2026-10-03T11:14:38.952+08:00,100.1,cooldown,9.7,0,6,0,104556,0,441687,0.00,356290560,391856128,4525,991,1019,700,714,437,0.48,16535552,1757184,150,0,1,5,5,final,,716.0,44,8
