mode,run,t,ok,error,create_ms,load_ms,png_ms,total_ms,loaded_at_ms,close_ms,png_bytes,png_w,png_h,png_fnv,body_kind,decode_ms,meta_header_len,meta_wh,meta_warnings,host_ws_png,host_priv_png,wv_ws_png,wv_priv_png,wv_procs_png,host_ws_idle,host_priv_idle,wv_ws_idle,wv_priv_idle,wv_procs_idle,peak_total_ws,peak_total_priv,mem_samples,vis_samples,vis_true,visible_at_png,fg_samples,fg_own,fg_changed,ex_style_built,ex_style_applied
persistent-redraw,1,2026-10-05T00:30:00Z,true,"",336.8,207.7,378.7,923.2,544.5,,5175612,3840,2160,3d043911,raw,1.4,191,3840x2160,0,38043648,11673600,501542912,419168256,6,38084608,11673600,497659904,412651520,6,576299008,472420352,8,9,0,false,15,0,0,0x08040110,0x08000190
persistent-redraw,2,2026-10-05T00:45:00Z,true,"",0.0,0.0,201.6,201.6,0.0,,5182488,3840,2160,dac124a8,raw,0.6,191,3840x2160,0,38821888,12345344,522649600,472604672,6,38227968,11816960,531501056,473657344,6,618405888,557805568,2,4,0,false,4,0,0,0x08000190,0x08000190
persistent-redraw,3,2026-10-05T01:00:00Z,true,"",0.0,0.0,232.8,232.9,0.0,,5220673,3840,2160,a658863e,raw,1.4,191,3840x2160,0,38273024,11853824,555950080,519671808,6,38281216,11853824,553365504,516657152,6,654557184,600616960,2,4,0,false,4,0,0,0x08000190,0x08000190
persistent-redraw,4,2026-10-05T01:15:00Z,true,"",0.0,0.0,207.7,207.7,0.0,,5224888,3840,2160,fdae38a1,raw,1.4,191,3840x2160,0,38866944,12390400,523358208,497684480,6,38871040,12390400,521879552,495808512,6,647282688,614973440,2,4,0,false,4,0,0,0x08000190,0x08000190
persistent-redraw,5,2026-10-05T01:30:00Z,true,"",0.0,0.0,211.6,211.6,0.0,,5240668,3840,2160,31f383f8,raw,1.4,191,3840x2160,0,38649856,12238848,544116736,527601664,6,40230912,13819904,534069248,516206592,6,597753856,555454464,2,3,0,false,3,0,0,0x08000190,0x08000190
persistent-redraw,6,2026-10-05T01:45:00Z,true,"",0.0,0.0,204.3,204.4,0.0,,5244323,3840,2160,fe435a6b,raw,0.8,191,3840x2160,0,39858176,13438976,524349440,507383808,6,38342656,12840960,523390976,505589760,6,574464000,562176000,2,4,0,false,4,0,0,0x08000190,0x08000190
persistent-redraw,7,2026-10-05T02:00:00Z,true,"",0.0,0.0,220.3,220.3,0.0,,5245570,3840,2160,b894105e,raw,0.6,191,3840x2160,0,39026688,12836864,545861632,525967360,6,40574976,14393344,544550912,523800576,6,639942656,612548608,2,4,0,false,4,0,0,0x08000190,0x08000190
persistent-redraw,8,2026-10-05T02:15:00Z,true,"",0.0,0.0,204.4,204.4,0.0,,5247557,3840,2160,668b5c69,raw,0.7,191,3840x2160,0,38993920,12906496,535912448,510210048,6,40484864,14397440,534360064,507670528,6,604971008,564584448,2,4,0,false,4,0,0,0x08000190,0x08000190
persistent-redraw,9,2026-10-05T02:30:00Z,true,"",0.0,0.0,217.4,217.5,0.0,,5224499,3840,2160,f386ca3b,raw,0.7,191,3840x2160,0,40775680,14381056,552177664,525709312,6,39227392,12820480,550297600,505081856,6,583733248,550748160,2,4,0,false,4,0,0,0x08000190,0x08000190
persistent-redraw,10,2026-10-05T02:45:00Z,true,"",0.0,0.0,217.4,217.4,0.0,,5226956,3840,2160,ddf97935,raw,1.4,191,3840x2160,0,38195200,11669504,539185152,491515904,6,38309888,11857920,536956928,487575552,6,640565248,571998208,2,3,0,false,3,0,0,0x08000190,0x08000190
persistent-redraw,11,2026-10-05T03:00:00Z,true,"",0.0,0.0,220.7,220.7,0.0,,5226146,3840,2160,14352db2,raw,1.4,191,3840x2160,0,38543360,12165120,560193536,508743680,6,38510592,12120064,558522368,506335232,6,661331968,592273408,2,3,0,false,3,0,0,0x08000190,0x08000190
persistent-redraw,12,2026-10-05T03:15:00Z,true,"",0.0,0.0,209.3,209.4,0.0,,5230754,3840,2160,91518580,raw,0.8,191,3840x2160,0,38166528,11653120,547385344,495611904,6,38309888,12181504,545234944,490446848,6,632442880,555089920,2,3,0,false,3,0,0,0x08000190,0x08000190
persistent-redraw,13,2026-10-05T03:30:00Z,true,"",0.0,0.0,218.1,218.1,0.0,,5260693,3840,2160,2e4a9ef2,raw,0.8,191,3840x2160,0,40652800,14569472,569180160,516534272,6,38502400,12328960,576917504,514789376,6,624652288,546295808,1,3,0,false,3,0,0,0x08000190,0x08000190
persistent-redraw,14,2026-10-05T03:45:00Z,true,"",0.0,0.0,219.6,219.7,0.0,,5261495,3840,2160,b31cf9c4,raw,1.4,191,3840x2160,0,39972864,13541376,566554624,504410112,6,38440960,11997184,562688000,499097600,6,653934592,565772288,1,3,0,false,3,0,0,0x08000190,0x08000190
persistent-redraw,15,2026-10-05T04:00:00Z,true,"",0.0,0.0,228.4,228.4,0.0,,5261186,3840,2160,986caa6d,raw,1.3,191,3840x2160,0,38563840,12337152,583524352,520503296,6,38584320,12337152,580788224,515715072,6,637870080,549158912,2,4,0,false,4,0,0,0x08000190,0x08000190
persistent-redraw,16,2026-10-05T04:15:00Z,true,"",0.0,0.0,228.8,228.8,0.0,,5263253,3840,2160,b4efd645,raw,1.4,191,3840x2160,0,39055360,12718080,583176192,518610944,6,39075840,12718080,579551232,514482176,6,676724736,605143040,2,4,0,false,4,0,0,0x08000190,0x08000190
persistent-redraw,17,2026-10-05T04:30:00Z,true,"",0.0,0.0,208.0,208.1,0.0,,5264357,3840,2160,766839e6,raw,0.7,191,3840x2160,0,38559744,12185600,600584192,535638016,6,38662144,12394496,599244800,533917696,6,655581184,564404224,1,3,0,false,3,0,0,0x08000190,0x08000190
persistent-redraw,18,2026-10-05T04:45:00Z,true,"",0.0,0.0,204.8,204.9,0.0,,5263122,3840,2160,b1f71ffe,raw,1.3,191,3840x2160,0,38367232,11956224,578875392,513675264,6,38408192,12017664,577376256,511684608,6,712265728,632033280,2,4,0,false,4,0,0,0x08000190,0x08000190
persistent-redraw,19,2026-10-05T05:00:00Z,true,"",0.0,0.0,224.6,224.7,0.0,,5261343,3840,2160,004da608,raw,0.6,191,3840x2160,0,39165952,12988416,603156480,551317504,6,39190528,12992512,599543808,546738176,6,666341376,589987840,2,4,0,false,4,0,0,0x08000190,0x08000190
persistent-redraw,20,2026-10-05T05:15:00Z,true,"",0.0,0.0,217.4,217.5,0.0,,5263883,3840,2160,9afe0ca5,raw,0.7,191,3840x2160,0,39096320,12931072,586371072,539422720,6,39108608,12931072,581660672,534224896,6,673267712,604999680,2,4,0,false,4,0,0,0x08000190,0x08000190
persistent-redraw,21,2026-10-05T05:30:00Z,true,"",0.0,0.0,218.0,218.1,0.0,,5247033,3840,2160,90300881,raw,0.7,191,3840x2160,0,38735872,12316672,601911296,557604864,6,38780928,12484608,598831104,553947136,6,656752640,586420224,2,4,0,false,4,0,0,0x08000190,0x08000190
persistent-redraw,22,2026-10-05T05:45:00Z,true,"",0.0,0.0,211.6,211.6,0.0,,5246003,3840,2160,c9641d5b,raw,0.7,191,3840x2160,0,39960576,13516800,583933952,542502912,6,40001536,13553664,579624960,537657344,6,670777344,603480064,1,3,0,false,3,0,0,0x08000190,0x08000190
persistent-redraw,23,2026-10-05T06:00:00Z,true,"",0.0,0.0,249.0,249.0,0.0,,5247929,3840,2160,c36b6b45,raw,0.8,191,3840x2160,0,38666240,13000704,598458368,563814400,6,38682624,13004800,592166912,555479040,6,654069760,594497536,3,5,0,false,5,0,0,0x08000190,0x08000190
persistent-redraw,24,2026-10-05T06:15:00Z,true,"",0.0,0.0,229.4,229.5,0.0,,5250405,3840,2160,fcc9487f,raw,0.7,191,3840x2160,0,39989248,13590528,577720320,575283200,6,40017920,13840384,574201856,554340352,6,663662592,641748992,2,4,0,false,4,0,0,0x08000190,0x08000190
persistent-redraw,25,2026-10-05T06:30:00Z,true,"",0.0,0.0,218.3,218.3,0.0,,5218107,3840,2160,3d4bd00f,raw,1.4,191,3840x2160,0,39129088,13266944,593129472,575033344,6,39157760,13307904,590344192,571760640,6,645615616,603062272,2,4,0,false,4,0,0,0x08000190,0x08000190
persistent-redraw,26,2026-10-05T06:45:00Z,true,"",0.0,0.1,228.4,228.4,0.1,,5219750,3840,2160,093f3b8b,raw,1.3,191,3840x2160,0,39264256,13484032,580689920,560365568,6,39215104,13398016,574406656,552275968,6,666423296,621211648,2,4,0,false,4,0,0,0x08000190,0x08000190
persistent-redraw,27,2026-10-05T07:00:00Z,true,"",0.0,0.0,220.6,220.7,0.0,,5297563,3840,2160,7ad96fc6,raw,0.7,191,3840x2160,0,40235008,13758464,594845696,576237568,6,38780928,13131776,589340672,569790464,6,651005952,607207424,1,3,0,false,3,0,0,0x08000190,0x08000190
persistent-redraw,28,2026-10-05T07:15:00Z,true,"",0.0,0.0,216.6,216.6,0.0,,5300995,3840,2160,269b8b95,raw,1.4,191,3840x2160,0,38481920,11993088,577155072,554807296,6,38490112,11993088,570810368,545894400,6,662355968,614113280,2,4,0,false,4,0,0,0x08000190,0x08000190
persistent-redraw,29,2026-10-05T07:30:00Z,true,"",0.0,0.0,211.2,211.2,0.0,,5304144,3840,2160,8ecee42a,raw,0.6,191,3840x2160,0,39194624,13197312,591822848,566661120,6,39206912,13168640,588779520,562737152,6,683515904,637403136,2,3,0,false,3,0,0,0x08000190,0x08000190
persistent-redraw,30,2026-10-05T07:45:00Z,true,"",0.0,0.0,215.5,215.5,0.0,,5307544,3840,2160,6bf9359b,raw,1.4,191,3840x2160,0,38465536,11993088,576188416,551284736,6,38477824,11993088,570503168,543911936,6,663846912,613220352,2,3,0,false,3,0,0,0x08000190,0x08000190
persistent-redraw,31,2026-10-05T08:00:00Z,true,"",0.0,0.0,220.9,220.9,0.0,,5354390,3840,2160,76e35862,raw,1.4,191,3840x2160,0,39239680,13246464,593608704,572440576,6,39313408,13312000,592396288,568373248,6,675143680,634101760,2,4,0,false,4,0,0,0x08000190,0x08000190
persistent-redraw,32,2026-10-05T08:15:00Z,true,"",0.0,0.0,223.1,223.1,0.0,,5352497,3840,2160,a996527b,raw,0.7,191,3840x2160,0,38510592,11988992,582569984,564453376,6,40083456,13557760,577671168,558981120,6,641040384,621527040,2,4,0,false,4,0,0,0x08000190,0x08000190
persistent-redraw,33,2026-10-05T08:30:00Z,true,"",0.0,0.0,221.4,221.4,0.0,,5355416,3840,2160,a18444ad,raw,0.7,191,3840x2160,0,38694912,12316672,593575936,575053824,6,38744064,12410880,586362880,567218176,6,653082624,610017280,3,5,0,false,5,0,0,0x08000190,0x08000190
persistent-redraw,34,2026-10-05T08:45:00Z,true,"",0.0,0.0,215.7,215.7,0.0,,5358482,3840,2160,a8546ec6,raw,1.4,191,3840x2160,0,38506496,11890688,574459904,561467392,6,38596608,12038144,571953152,559677440,6,660676608,622964736,1,3,0,false,3,0,0,0x08000190,0x08000190
persistent-redraw,35,2026-10-05T09:00:00Z,true,"",0.0,0.0,218.4,218.4,0.0,,5380016,3840,2160,3ffa610b,raw,0.8,191,3840x2160,0,38760448,13254656,594984960,583843840,6,38780928,13271040,592142336,579952640,6,648613888,612429824,2,4,0,false,4,0,0,0x08000190,0x08000190
persistent-redraw,36,2026-10-05T09:15:00Z,true,"",0.0,0.0,238.4,238.4,0.0,,5377339,3840,2160,fdea19f8,raw,1.4,191,3840x2160,0,38588416,12058624,575926272,566083584,6,38596608,12058624,575754240,565100544,6,663859200,627724288,2,4,0,false,4,0,0,0x08000190,0x08000190
persistent-redraw,37,2026-10-05T09:30:00Z,true,"",0.0,0.0,222.9,223.0,0.0,,5375727,3840,2160,7ee48ef7,raw,0.7,191,3840x2160,0,39342080,13213696,603455488,592441344,6,40914944,14786560,598441984,587014144,6,656977920,619925504,2,4,0,false,4,0,0,0x08000190,0x08000190
persistent-redraw,38,2026-10-05T09:45:00Z,true,"",0.0,0.0,231.7,231.8,0.0,,5373108,3840,2160,3a705d48,raw,1.5,191,3840x2160,0,39546880,13291520,600576000,591704064,6,39546880,13291520,596107264,585920512,6,680161280,647438336,3,5,0,false,5,0,0,0x08000190,0x08000190
persistent-redraw,39,2026-10-05T10:00:00Z,true,"",0.0,0.0,223.7,223.7,0.0,,5368087,3840,2160,fdf3974c,raw,1.4,191,3840x2160,0,38998016,12369920,621154304,613892096,6,39002112,12374016,618328064,610578432,6,676007936,643293184,2,4,0,false,4,0,0,0x08000190,0x08000190
persistent-redraw,40,2026-10-05T10:15:00Z,true,"",0.0,0.0,214.3,214.3,0.0,,5364494,3840,2160,9a9ff363,raw,0.7,191,3840x2160,0,38596608,12034048,605483008,612577280,6,38678528,12103680,602181632,607350784,6,704557056,686190592,2,4,0,false,4,0,0,0x08000190,0x08000190
