ts_ms,host_pid,host_private_mb,wv_count,wv_private_mb,total_private_mb,widget_count,widget_private_mb,renderer_count,renderer_private_mb,renderer_udf_mb,renderer_udf_files
1790957348822,104292,3.7,0,0.0,3.7,0,0.0,0,0.0,0.00,0
1790957349359,104292,8.7,9,257.5,266.3,9,257.5,0,0.0,0.00,0
1790957350214,104292,10.6,11,510.1,520.8,11,510.1,0,0.0,0.00,0
1790957350719,104292,10.6,11,511.8,522.4,11,511.8,0,0.0,0.00,0
1790957351238,104292,10.6,11,514.4,525.0,11,514.4,0,0.0,0.00,0
1790957351750,104292,10.6,11,514.5,525.1,11,514.5,0,0.0,0.00,0
1790957352249,104292,10.6,11,514.4,525.0,11,514.4,0,0.0,0.00,0
1790957352762,104292,10.6,11,514.8,525.4,11,514.8,0,0.0,0.00,0
1790957353278,104292,10.6,11,514.9,525.5,11,514.9,0,0.0,0.00,0
1790957353780,104292,10.6,11,515.9,526.5,11,515.9,0,0.0,0.00,0
1790957354292,104292,10.6,11,502.3,512.9,11,502.3,0,0.0,0.00,0
1790957354798,104292,10.5,11,492.4,502.9,11,492.4,0,0.0,0.00,0
1790957355309,104292,10.5,11,490.2,500.7,11,490.2,0,0.0,0.00,0
1790957355816,104292,10.5,11,489.9,500.3,11,489.9,0,0.0,0.00,0
1790957356335,104292,10.5,11,489.9,500.4,11,489.9,0,0.0,0.00,0
1790957356849,104292,10.5,11,489.6,500.1,11,489.6,0,0.0,0.00,0
1790957357369,104292,10.5,11,489.1,499.6,11,489.1,0,0.0,0.00,0
1790957357884,104292,10.5,11,451.1,461.5,11,451.1,0,0.0,0.00,0
1790957358378,104292,10.5,11,450.9,461.4,11,450.9,0,0.0,0.00,0
1790957358889,104292,10.5,11,450.9,461.4,11,450.9,0,0.0,0.00,0
1790957359398,104292,10.5,11,445.4,455.9,11,445.4,0,0.0,0.00,0
1790957359924,104292,10.5,11,442.1,452.6,11,442.1,0,0.0,0.00,0
1790957360426,104292,10.5,11,442.1,452.6,11,442.1,0,0.0,0.00,0
1790957360925,104292,10.5,11,442.1,452.6,11,442.1,0,0.0,0.00,0
1790957361445,104292,10.5,11,441.9,452.4,11,441.9,0,0.0,0.00,0
1790957361956,104292,10.5,11,442.1,452.6,11,442.1,0,0.0,0.00,0
1790957362473,104292,10.5,11,442.1,452.6,11,442.1,0,0.0,0.00,0
1790957362978,104292,10.5,11,442.1,452.6,11,442.1,0,0.0,0.00,0
1790957363497,104292,10.5,11,442.2,452.8,11,442.2,0,0.0,0.00,0
1790957363997,104292,10.5,11,442.5,453.0,11,442.5,0,0.0,0.00,0
1790957364516,104292,10.5,11,442.6,453.1,11,442.6,0,0.0,0.00,0
1790957365026,104292,10.5,11,442.6,453.1,11,442.6,0,0.0,0.00,0
1790957365547,104292,10.5,11,442.6,453.2,11,442.6,0,0.0,0.00,0
1790957366046,104292,10.5,11,442.8,453.3,11,442.8,0,0.0,0.00,0
1790957366551,104292,10.5,11,442.9,453.4,11,442.9,0,0.0,0.00,0
1790957367067,104292,10.5,11,443.0,453.6,11,443.0,0,0.0,0.00,0
1790957367584,104292,10.5,11,443.2,453.7,11,443.2,0,0.0,0.00,0
1790957368084,104292,10.5,11,443.9,454.4,11,443.9,0,0.0,0.00,0
1790957368598,104292,10.5,11,444.1,454.6,11,444.1,0,0.0,0.00,0
1790957369098,104292,10.5,11,443.9,454.4,11,443.9,0,0.0,0.00,0
1790957369603,104292,10.5,13,457.3,467.8,11,444.1,2,13.2,9.86,149
1790957370542,104292,10.5,11,444.2,454.6,11,444.2,0,0.0,9.86,149
1790957371047,104292,10.5,11,445.1,455.6,11,445.1,0,0.0,9.86,149
1790957371554,104292,10.5,11,445.3,455.8,11,445.3,0,0.0,9.86,149
1790957372068,104292,10.5,11,445.3,455.8,11,445.3,0,0.0,9.86,149
1790957372570,104292,10.5,11,445.3,455.8,11,445.3,0,0.0,9.86,149
1790957373083,104292,10.5,11,445.3,455.8,11,445.3,0,0.0,9.86,149
1790957373588,104292,10.5,11,445.7,456.2,11,445.7,0,0.0,9.86,149
1790957374082,104292,10.5,11,445.9,456.3,11,445.9,0,0.0,9.86,149
1790957374596,104292,10.5,11,446.0,456.5,11,446.0,0,0.0,9.86,149
1790957375103,104292,10.5,11,446.1,456.6,11,446.1,0,0.0,9.86,148
1790957375613,104292,10.5,11,446.3,456.7,11,446.3,0,0.0,9.86,148
1790957376124,104292,10.5,11,446.3,456.7,11,446.3,0,0.0,9.86,148
1790957376627,104292,10.5,11,446.3,456.7,11,446.3,0,0.0,9.86,148
1790957377132,104292,10.5,11,446.4,456.9,11,446.4,0,0.0,9.86,148
1790957377649,104292,10.5,11,446.5,457.0,11,446.5,0,0.0,9.86,148
1790957378153,104292,10.5,11,446.7,457.1,11,446.7,0,0.0,9.86,148
1790957378657,104292,10.5,11,446.8,457.2,11,446.8,0,0.0,9.86,148
1790957379151,104292,10.2,11,447.9,458.1,11,447.9,0,0.0,9.86,148
1790957379667,104292,10.2,11,447.7,457.9,11,447.7,0,0.0,9.86,148
1790957380176,104292,10.2,11,448.0,458.2,11,448.0,0,0.0,9.86,148
1790957380695,104292,10.2,11,448.6,458.8,11,448.6,0,0.0,9.86,148
1790957381217,104292,10.2,11,448.5,458.7,11,448.5,0,0.0,9.86,148
1790957381736,104292,10.2,11,448.5,458.7,11,448.5,0,0.0,9.86,148
1790957382240,104292,10.2,11,448.5,458.7,11,448.5,0,0.0,9.86,148
1790957382754,104292,10.2,11,448.5,458.7,11,448.5,0,0.0,9.86,148
1790957383257,104292,10.2,11,448.5,458.7,11,448.5,0,0.0,9.86,148
1790957383782,104292,10.2,11,448.5,458.7,11,448.5,0,0.0,9.86,148
1790957384298,104292,10.2,11,448.5,458.7,11,448.5,0,0.0,9.86,148
1790957384807,104292,10.2,11,448.9,459.1,11,448.9,0,0.0,9.86,148
1790957385328,104292,10.2,11,448.9,459.1,11,448.9,0,0.0,9.86,148
1790957385823,104292,10.2,11,448.9,459.1,11,448.9,0,0.0,9.86,148
1790957386331,104292,10.2,11,449.0,459.2,11,449.0,0,0.0,9.86,148
1790957386850,104292,10.2,11,449.0,459.2,11,449.0,0,0.0,9.86,148
1790957387371,104292,10.2,11,449.0,459.2,11,449.0,0,0.0,9.86,148
1790957387888,104292,10.2,11,449.0,459.2,11,449.0,0,0.0,9.86,148
1790957388409,104292,10.2,11,449.2,459.4,11,449.2,0,0.0,9.86,148
1790957388914,104292,10.2,11,449.3,459.5,11,449.3,0,0.0,9.86,148
1790957389413,104292,10.2,11,449.3,459.5,11,449.3,0,0.0,9.86,148
1790957389933,104292,10.2,11,450.0,460.2,11,450.0,0,0.0,9.86,148
1790957390429,104292,10.2,11,450.0,460.2,11,450.0,0,0.0,9.86,148
1790957390938,104292,10.2,11,450.0,460.2,11,450.0,0,0.0,9.86,148
1790957391443,104292,10.2,11,450.0,460.2,11,450.0,0,0.0,9.86,148
1790957391955,104292,10.2,11,450.0,460.2,11,450.0,0,0.0,9.86,148
1790957392464,104292,10.2,11,450.0,460.2,11,450.0,0,0.0,9.86,148
1790957392983,104292,10.2,11,450.0,460.2,11,450.0,0,0.0,9.86,148
1790957393496,104292,10.2,11,450.1,460.3,11,450.1,0,0.0,9.86,148
1790957394016,104292,10.2,11,450.2,460.4,11,450.2,0,0.0,9.86,148
1790957394523,104292,10.2,11,450.1,460.3,11,450.1,0,0.0,9.86,148
1790957395023,104292,10.2,11,450.3,460.5,11,450.3,0,0.0,9.86,148
1790957395523,104292,10.2,11,456.7,466.9,11,456.7,0,0.0,9.86,148
1790957396024,104292,10.2,11,456.7,466.9,11,456.7,0,0.0,9.86,148
1790957396534,104292,10.2,11,456.8,467.0,11,456.8,0,0.0,9.86,148
1790957397064,104292,10.2,11,456.9,467.1,11,456.9,0,0.0,9.86,148
1790957397559,104292,10.2,11,456.9,467.1,11,456.9,0,0.0,9.86,148
1790957398065,104292,10.2,11,456.9,467.1,11,456.9,0,0.0,9.86,148
1790957398587,104292,10.2,11,456.0,466.2,11,456.0,0,0.0,9.86,148
1790957399083,104292,10.2,11,456.3,466.5,11,456.3,0,0.0,9.86,148
1790957399599,104292,10.2,11,456.4,466.6,11,456.4,0,0.0,9.86,148
1790957400114,104292,10.2,11,456.4,466.6,11,456.4,0,0.0,9.86,148
1790957400621,104292,10.2,11,456.5,466.7,11,456.5,0,0.0,9.86,148
1790957401132,104292,10.2,11,456.8,467.0,11,456.8,0,0.0,9.86,148
1790957401643,104292,10.2,11,457.3,467.5,11,457.3,0,0.0,9.86,148
1790957402152,104292,10.2,11,457.3,467.5,11,457.3,0,0.0,9.86,148
1790957402666,104292,10.2,11,456.6,466.8,11,456.6,0,0.0,9.86,148
1790957403182,104292,10.2,11,456.6,466.8,11,456.6,0,0.0,9.86,148
1790957403700,104292,10.2,11,456.8,467.0,11,456.8,0,0.0,9.86,148
1790957404216,104292,10.2,11,456.8,467.0,11,456.8,0,0.0,9.86,148
1790957404730,104292,10.2,11,452.8,463.0,11,452.8,0,0.0,9.86,148
1790957405241,104292,10.2,11,452.8,463.0,11,452.8,0,0.0,9.86,148
1790957405741,104292,10.2,11,452.5,462.8,11,452.5,0,0.0,9.86,148
1790957406246,104292,10.2,11,452.5,462.8,11,452.5,0,0.0,9.86,148
1790957406746,104292,10.2,11,452.2,462.4,11,452.2,0,0.0,9.86,148
1790957407255,104292,10.2,11,452.3,462.5,11,452.3,0,0.0,9.86,148
1790957407765,104292,10.2,11,452.3,462.5,11,452.3,0,0.0,9.86,148
1790957408274,104292,10.2,11,452.4,462.6,11,452.4,0,0.0,9.86,148
1790957408778,104292,10.1,11,452.5,462.6,11,452.5,0,0.0,9.86,148
1790957409287,104292,10.1,11,451.5,461.6,11,451.5,0,0.0,9.86,148
1790957409810,104292,11.2,17,604.4,615.6,11,486.3,6,118.1,9.86,148
1790957410546,104292,11.2,17,630.7,641.9,11,487.1,6,143.6,9.86,148
1790957411052,104292,11.2,17,629.3,640.5,11,487.2,6,142.1,11.13,164
1790957411570,104292,11.2,17,631.4,642.5,11,489.2,6,142.2,11.13,164
1790957412091,104292,11.2,17,636.4,647.6,11,489.7,6,146.7,11.13,164
1790957412613,104292,11.2,17,636.1,647.3,11,489.9,6,146.2,11.13,164
1790957413119,104292,11.2,17,634.9,646.1,11,488.6,6,146.3,11.13,164
1790957413629,104292,11.2,17,634.5,645.7,11,488.2,6,146.3,11.13,164
1790957414130,104292,11.2,17,634.7,645.9,11,488.4,6,146.3,11.13,164
1790957414627,104292,11.2,17,606.0,617.1,11,459.7,6,146.3,11.13,164
1790957415140,104292,11.2,17,606.1,617.3,11,459.7,6,146.4,11.13,164
1790957415658,104292,11.2,17,606.2,617.4,11,459.9,6,146.4,11.13,164
1790957416158,104292,11.1,17,606.4,617.5,11,460.0,6,146.4,11.23,187
1790957416676,104292,11.1,17,606.4,617.5,11,460.0,6,146.4,11.23,187
1790957417187,104292,11.1,17,606.2,617.3,11,459.8,6,146.4,11.23,187
1790957417704,104292,11.1,17,601.6,612.7,11,455.0,6,146.6,11.23,187
1790957418203,104292,11.1,17,602.0,613.1,11,455.4,6,146.6,11.23,187
1790957418710,104292,11.1,17,601.9,613.0,11,455.5,6,146.4,11.23,187
1790957419226,104292,11.1,17,602.0,613.2,11,455.7,6,146.4,11.23,187
1790957419734,104292,11.1,17,599.0,610.2,11,452.6,6,146.4,11.23,187
1790957420239,104292,11.1,17,597.9,609.1,11,452.7,6,145.2,11.23,187
1790957420738,104292,11.1,17,597.9,609.1,11,452.7,6,145.2,11.23,187
1790957421245,104292,11.1,17,597.8,609.0,11,452.6,6,145.2,11.23,188
1790957421758,104292,11.1,17,598.2,609.3,11,453.0,6,145.2,11.23,188
1790957422274,104292,11.1,17,598.2,609.3,11,453.0,6,145.2,11.23,188
1790957422773,104292,11.1,17,598.2,609.4,11,453.0,6,145.2,11.23,188
1790957423291,104292,11.1,17,598.5,609.6,11,453.3,6,145.2,11.23,188
1790957423798,104292,11.1,17,598.8,609.9,11,453.5,6,145.2,11.23,188
1790957424303,104292,11.1,17,597.9,609.1,11,452.7,6,145.2,11.23,188
1790957424815,104292,11.1,17,597.9,609.1,11,452.7,6,145.2,11.23,188
1790957425319,104292,11.1,17,597.7,608.9,11,452.5,6,145.2,11.23,188
1790957425830,104292,11.1,17,597.8,609.0,11,452.6,6,145.2,11.23,188
1790957426352,104292,11.1,17,598.1,609.2,11,452.9,6,145.2,11.23,188
1790957426871,104292,11.1,17,598.1,609.2,11,452.9,6,145.2,11.23,188
1790957427375,104292,11.1,17,598.2,609.4,11,453.0,6,145.2,11.23,188
1790957427888,104292,11.1,17,598.4,609.5,11,453.2,6,145.2,11.23,188
1790957428397,104292,11.1,17,599.1,610.2,11,453.8,6,145.2,11.23,188
1790957428901,104292,11.1,17,599.1,610.3,11,453.8,6,145.3,11.23,188
1790957429419,104292,11.1,17,599.0,610.1,11,453.7,6,145.3,11.23,188
1790957429933,104292,11.1,17,598.9,610.1,11,453.7,6,145.2,11.23,188
1790957430447,104292,11.1,17,599.1,610.2,11,453.8,6,145.2,11.23,188
1790957430959,104292,11.1,17,599.1,610.2,11,453.8,6,145.2,11.23,188
1790957431473,104292,11.1,17,599.4,610.5,11,454.1,6,145.2,11.23,188
1790957431978,104292,11.1,17,602.6,613.7,11,457.3,6,145.3,11.23,188
1790957432475,104292,11.1,17,602.6,613.7,11,457.3,6,145.3,11.23,188
1790957432984,104292,11.1,17,602.6,613.7,11,457.3,6,145.3,11.23,188
1790957433489,104292,11.1,17,602.7,613.8,11,457.4,6,145.3,11.23,188
1790957434014,104292,11.1,17,603.2,614.3,11,457.9,6,145.3,11.23,188
1790957434526,104292,11.1,17,603.3,614.5,11,458.1,6,145.3,11.23,188
1790957435036,104292,11.1,17,603.4,614.5,11,458.1,6,145.3,11.23,188
1790957435535,104292,11.1,17,603.4,614.5,11,458.1,6,145.3,11.23,188
1790957436058,104292,11.1,17,603.4,614.5,11,458.1,6,145.3,11.23,188
1790957436564,104292,11.1,17,603.5,614.7,11,458.3,6,145.3,11.23,188
1790957437073,104292,11.1,17,603.5,614.6,11,458.2,6,145.3,11.23,188
1790957437590,104292,11.1,17,603.5,614.6,11,458.2,6,145.3,11.23,188
1790957438104,104292,11.1,17,603.5,614.6,11,458.2,6,145.3,11.23,188
1790957438622,104292,11.1,17,603.5,614.7,11,458.3,6,145.3,11.23,188
1790957439130,104292,11.1,17,603.4,614.6,11,458.2,6,145.3,11.23,188
1790957439646,104292,11.1,16,581.3,592.4,11,458.3,5,122.9,11.23,188
1790957440142,104292,11.1,11,458.3,469.4,11,458.3,0,0.0,11.23,188
1790957440649,104292,11.1,11,458.4,469.5,11,458.4,0,0.0,11.23,188
1790957441147,104292,11.1,11,457.7,468.8,11,457.7,0,0.0,11.23,188
1790957441667,104292,11.1,11,457.5,468.5,11,457.5,0,0.0,11.27,186
1790957442182,104292,11.1,11,457.5,468.5,11,457.5,0,0.0,11.27,186
1790957442696,104292,11.1,11,457.5,468.6,11,457.5,0,0.0,11.27,186
1790957443210,104292,11.1,11,457.5,468.6,11,457.5,0,0.0,11.27,186
1790957443726,104292,11.1,11,457.8,468.8,11,457.8,0,0.0,11.27,186
1790957444252,104292,11.1,11,457.8,468.8,11,457.8,0,0.0,11.27,186
1790957444751,104292,11.1,11,457.7,468.8,11,457.7,0,0.0,11.27,186
1790957445256,104292,11.1,11,457.5,468.6,11,457.5,0,0.0,11.27,186
1790957445755,104292,11.1,11,457.3,468.4,11,457.3,0,0.0,11.27,186
1790957446273,104292,11.1,11,457.3,468.4,11,457.3,0,0.0,11.27,186
1790957446784,104292,11.1,11,457.3,468.4,11,457.3,0,0.0,11.27,186
1790957447294,104292,11.1,11,457.4,468.5,11,457.4,0,0.0,11.27,186
1790957447792,104292,11.1,12,459.7,470.8,12,459.7,0,0.0,11.27,186
1790957448310,104292,11.1,11,457.4,468.5,11,457.4,0,0.0,11.27,186
1790957448823,104292,11.1,11,457.4,468.5,11,457.4,0,0.0,11.27,186
1790957449327,104292,11.1,11,457.3,468.4,11,457.3,0,0.0,11.27,186
1790957449851,104292,103.0,17,596.7,699.6,11,457.3,6,139.4,11.27,186
1790957450652,104292,11.7,11,457.3,468.9,11,457.3,0,0.0,11.27,186
1790957451163,104292,11.7,11,457.3,468.9,11,457.3,0,0.0,11.27,186
1790957451679,104292,11.7,11,457.3,468.9,11,457.3,0,0.0,11.27,186
1790957452194,104292,11.7,11,463.2,474.8,11,463.2,0,0.0,12.56,188
1790957452704,104292,11.7,11,463.2,474.9,11,463.2,0,0.0,12.56,188
1790957453212,104292,11.7,11,463.1,474.8,11,463.1,0,0.0,12.56,188
1790957453717,104292,11.7,11,463.1,474.7,11,463.1,0,0.0,12.56,188
1790957454217,104292,11.7,11,463.2,474.8,11,463.2,0,0.0,12.56,188
1790957454735,104292,11.7,11,463.2,474.9,11,463.2,0,0.0,12.56,188
1790957455251,104292,11.7,11,461.4,473.0,11,461.4,0,0.0,12.56,188
1790957455763,104292,11.7,11,461.5,473.2,11,461.5,0,0.0,12.56,188
1790957456269,104292,11.7,11,461.7,473.3,11,461.7,0,0.0,12.56,188
1790957456783,104292,11.7,11,461.6,473.2,11,461.6,0,0.0,12.56,188
1790957457291,104292,11.7,11,461.4,473.0,11,461.4,0,0.0,12.56,188
1790957457814,104292,11.7,11,461.5,473.1,11,461.5,0,0.0,12.56,188
1790957458311,104292,11.7,11,461.3,472.9,11,461.3,0,0.0,12.56,188
1790957458814,104292,11.7,11,469.0,480.7,11,469.0,0,0.0,12.56,188
1790957459320,104292,11.7,11,469.1,480.7,11,469.1,0,0.0,12.56,188
1790957459838,104292,11.7,11,467.8,479.4,11,467.8,0,0.0,12.56,188
1790957460354,104292,11.7,11,464.2,475.9,11,464.2,0,0.0,12.56,188
1790957460869,104292,11.7,11,464.1,475.8,11,464.1,0,0.0,12.56,188
1790957461375,104292,11.7,11,464.3,476.0,11,464.3,0,0.0,12.56,188
1790957461873,104292,11.7,11,464.3,476.0,11,464.3,0,0.0,12.56,188
1790957462383,104292,11.7,11,464.3,475.9,11,464.3,0,0.0,12.56,188
1790957462900,104292,11.7,11,464.3,475.9,11,464.3,0,0.0,12.56,188
1790957463411,104292,11.7,11,463.4,475.1,11,463.4,0,0.0,12.56,188
1790957463922,104292,11.7,11,463.4,475.1,11,463.4,0,0.0,12.56,188
1790957464431,104292,11.7,11,463.4,475.1,11,463.4,0,0.0,12.56,188
1790957464950,104292,11.7,11,463.4,475.1,11,463.4,0,0.0,12.56,188
1790957465468,104292,11.7,11,463.4,475.1,11,463.4,0,0.0,12.56,188
1790957465970,104292,11.7,11,463.4,475.1,11,463.4,0,0.0,12.56,188
1790957466474,104292,11.7,11,463.4,475.1,11,463.4,0,0.0,12.56,188
1790957466970,104292,11.7,11,463.4,475.1,11,463.4,0,0.0,12.56,188
1790957467473,104292,11.7,11,463.4,475.1,11,463.4,0,0.0,12.56,188
1790957467983,104292,11.7,11,463.4,475.1,11,463.4,0,0.0,12.56,188
1790957468488,104292,11.7,11,463.4,475.1,11,463.4,0,0.0,12.56,188
1790957468999,104292,11.7,12,473.2,484.8,12,473.2,0,0.0,12.56,188
1790957469503,104292,11.7,11,486.7,498.4,11,486.7,0,0.0,12.56,188
1790957470016,104292,11.7,11,500.2,511.9,11,500.2,0,0.0,12.56,188
