ts_ms,host_pid,host_private_mb,wv_count,wv_private_mb,total_private_mb,widget_count,widget_private_mb,renderer_count,renderer_private_mb
1790951738203,107188,3.6,2,5.3,8.9,2,5.3,0,0.0
1790951739201,107188,11.1,11,555.9,567.0,11,555.9,0,0.0
1790951739685,107188,11.1,11,553.5,564.6,11,553.5,0,0.0
1790951740188,107188,11.1,11,553.2,564.2,11,553.2,0,0.0
1790951740699,107188,11.1,11,556.7,567.8,11,556.7,0,0.0
1790951741195,107188,11.1,11,557.2,568.3,11,557.2,0,0.0
1790951741703,107188,11.1,11,556.8,567.8,11,556.8,0,0.0
1790951742216,107188,11.1,11,557.0,568.1,11,557.0,0,0.0
1790951742729,107188,11.1,11,557.1,568.2,11,557.1,0,0.0
1790951743233,107188,11.1,11,558.1,569.2,11,558.1,0,0.0
1790951743733,107188,11.1,11,532.6,543.7,11,532.6,0,0.0
1790951744240,107188,11.1,11,532.6,543.7,11,532.6,0,0.0
1790951744758,107188,11.1,11,532.7,543.8,11,532.7,0,0.0
1790951745276,107188,11.1,11,531.9,543.0,11,531.9,0,0.0
1790951745775,107188,11.1,11,531.1,542.2,11,531.1,0,0.0
1790951746280,107188,11.1,11,531.1,542.2,11,531.1,0,0.0
1790951746800,107188,11.1,11,530.8,541.9,11,530.8,0,0.0
1790951747301,107188,11.1,11,446.0,457.1,11,446.0,0,0.0
1790951747805,107188,11.1,11,444.8,455.9,11,444.8,0,0.0
1790951748306,107188,11.1,11,444.8,455.9,11,444.8,0,0.0
1790951748798,107188,11.1,11,439.1,450.2,11,439.1,0,0.0
1790951749316,107188,11.1,11,435.7,446.8,11,435.7,0,0.0
1790951749832,107188,11.1,11,435.7,446.8,11,435.7,0,0.0
1790951750339,107188,11.1,11,435.4,446.5,11,435.4,0,0.0
1790951750864,107188,11.1,11,435.3,446.4,11,435.3,0,0.0
1790951751364,107188,11.1,11,435.5,446.6,11,435.5,0,0.0
1790951751879,107188,11.1,11,435.6,446.6,11,435.6,0,0.0
1790951752385,107188,11.1,11,435.6,446.6,11,435.6,0,0.0
1790951752901,107188,11.1,11,435.7,446.8,11,435.7,0,0.0
1790951753404,107188,11.1,11,436.1,447.1,11,436.1,0,0.0
1790951753915,107188,11.1,11,436.1,447.1,11,436.1,0,0.0
1790951754426,107188,11.1,11,436.1,447.1,11,436.1,0,0.0
1790951754926,107188,11.1,11,436.2,447.3,11,436.2,0,0.0
1790951755432,107188,11.1,11,436.2,447.3,11,436.2,0,0.0
1790951755945,107188,11.1,11,436.3,447.4,11,436.3,0,0.0
1790951756461,107188,11.1,11,436.4,447.5,11,436.4,0,0.0
1790951756983,107188,11.1,11,436.6,447.7,11,436.6,0,0.0
1790951757503,107188,11.1,11,437.3,448.4,11,437.3,0,0.0
1790951758014,107188,11.1,11,437.4,448.5,11,437.4,0,0.0
1790951758525,107188,11.1,11,437.5,448.6,11,437.5,0,0.0
1790951759033,107188,11.1,11,437.6,448.7,11,437.6,0,0.0
1790951759541,107188,11.1,11,437.6,448.7,11,437.6,0,0.0
1790951760042,107188,11.1,11,437.8,448.8,11,437.8,0,0.0
1790951760559,107188,11.1,11,438.7,449.8,11,438.7,0,0.0
1790951761079,107188,11.1,11,439.0,450.1,11,439.0,0,0.0
1790951761597,107188,11.1,11,439.0,450.1,11,439.0,0,0.0
1790951762097,107188,11.1,11,439.0,450.1,11,439.0,0,0.0
1790951762604,107188,11.1,11,439.3,450.4,11,439.3,0,0.0
1790951763115,107188,11.1,11,439.3,450.4,11,439.3,0,0.0
1790951763624,107188,11.1,11,439.4,450.5,11,439.4,0,0.0
1790951764134,107188,11.1,11,439.6,450.7,11,439.6,0,0.0
1790951764643,107188,11.1,11,439.7,450.8,11,439.7,0,0.0
1790951765165,107188,11.1,11,439.8,450.9,11,439.8,0,0.0
1790951765687,107188,11.1,11,439.8,450.9,11,439.8,0,0.0
1790951766203,107188,11.1,11,439.8,450.9,11,439.8,0,0.0
1790951766725,107188,11.1,11,440.0,451.1,11,440.0,0,0.0
1790951767222,107188,11.1,11,440.2,451.3,11,440.2,0,0.0
1790951767732,107188,11.1,11,440.3,451.4,11,440.3,0,0.0
1790951768243,107188,11.1,11,441.4,452.5,11,441.4,0,0.0
1790951768766,107188,11.1,11,442.6,453.7,11,442.6,0,0.0
1790951769290,107188,11.3,17,629.1,640.4,11,443.1,6,186.0
1790951770053,107188,10.8,11,444.2,455.0,11,444.2,0,0.0
1790951770573,107188,10.8,11,444.1,454.9,11,444.1,0,0.0
1790951771082,107188,10.8,11,444.1,454.9,11,444.1,0,0.0
1790951771589,107188,10.8,11,444.1,454.9,11,444.1,0,0.0
1790951772090,107188,10.8,11,444.1,454.9,11,444.1,0,0.0
1790951772600,107188,10.8,11,444.2,455.1,11,444.2,0,0.0
1790951773094,107188,10.8,11,444.2,455.1,11,444.2,0,0.0
1790951773600,107188,10.8,11,444.2,455.1,11,444.2,0,0.0
1790951774113,107188,10.8,11,444.5,455.3,11,444.5,0,0.0
1790951774618,107188,10.8,11,444.6,455.5,11,444.6,0,0.0
1790951775122,107188,10.8,11,444.6,455.5,11,444.6,0,0.0
1790951775640,107188,10.8,11,444.6,455.5,11,444.6,0,0.0
1790951776145,107188,10.8,11,444.6,455.5,11,444.6,0,0.0
1790951776648,107188,10.8,11,444.8,455.6,11,444.8,0,0.0
1790951777154,107188,10.8,11,444.8,455.6,11,444.8,0,0.0
1790951777672,107188,10.8,11,444.4,455.3,11,444.4,0,0.0
1790951778185,107188,10.8,11,444.6,455.4,11,444.6,0,0.0
1790951778706,107188,10.8,11,444.7,455.6,11,444.7,0,0.0
1790951779210,107188,10.8,11,445.2,456.1,11,445.2,0,0.0
1790951779712,107188,10.8,11,445.2,456.0,11,445.2,0,0.0
1790951780220,107188,10.8,11,445.5,456.3,11,445.5,0,0.0
1790951780733,107188,10.8,11,445.6,456.4,11,445.6,0,0.0
1790951781254,107188,10.8,11,445.6,456.4,11,445.6,0,0.0
1790951781758,107188,10.8,11,445.7,456.5,11,445.7,0,0.0
1790951782254,107188,10.8,11,446.0,456.8,11,446.0,0,0.0
1790951782756,107188,10.8,11,446.0,456.8,11,446.0,0,0.0
1790951783272,107188,10.8,11,446.0,456.8,11,446.0,0,0.0
1790951783779,107188,10.8,11,446.0,456.8,11,446.0,0,0.0
1790951784298,107188,10.8,11,446.1,456.9,11,446.1,0,0.0
